,Time Error [s]
0,
1,
2,-2740.465949377378
3,
4,-2004.6011382733282
5,-1258.881685773878
6,
7,-1670.2813103800004
8,
9,-1331.329370866254
10,
11,-1224.2937125257454
12,-2109.7698722300297
13,-3495.4523571336
14,-1309.8969477538762
15,
16,
17,
18,
19,-1946.2710450252157
20,-1660.2027675521836
21,
22,
23,-1626.56916033911
24,
25,-1155.149321905297
26,-3913.4625674046883
27,-2244.518340008812
28,
29,
30,-1200.571609374388
31,-1952.7660369196378
32,-1609.6664321666517
33,-1000.7874130496286
34,-1406.138734720335
35,-2126.714300784947
36,-1186.6284357064953
37,-2274.3198516387265
38,-1560.4505066619727
39,-1109.1198111607998
40,
41,-3217.8854389771504
42,
43,-1567.6095177233979
44,
45,
46,-961.7762688333769
47,
48,-780.6782257325224
49,-2702.208630898718
50,
51,
52,-326.0625990249771
53,-1733.3485188842415
54,-1590.5283407857019
55,
56,-2624.040780354406
57,
58,-4247.782889304274
59,-1648.3770524955717
60,-1497.4226867395569
61,-1072.6958266869988
62,-2357.8583215220365
63,
64,-2104.4117487154635
65,-1512.1069275529862
66,-735.1076497835558
67,
68,-2375.6525979350276
69,-1671.6250748529337
70,-2071.4931088590733
71,
72,-1326.6083213443417
73,
74,
75,-302.6112270967763
76,-1424.991762495968
77,
78,-2084.2814788826363
79,
80,
81,-2188.950297341619
82,-1996.6848416836647
83,
84,-2119.7183548206535
85,
86,-2138.675879039049
87,
88,
89,-1214.9101935321264
90,
91,-2394.734338734518
92,
93,-1086.9968877965143
94,-1958.973448580577
95,
96,-1358.6690391934003
97,-1572.6099974802255
98,-1890.816510620226
99,
100,-2811.5025606715235
101,
102,-1354.8146782151284
103,-2036.0707604161803
104,-1337.7612438188632
105,-2320.494590805147
106,-2565.447118607146
107,-1583.84724775064
108,
109,-4520.6910305095535
110,-1636.8567325023805
111,
112,-3098.866157858306
113,-3485.8404557130675
114,
115,-3579.6622556688008
116,
117,-1584.1276362610474
118,
119,-1426.2984316063694
120,-1299.1331758828765
121,-1789.756990727633
122,-730.6268834985007
123,
124,-1228.520515139157
125,-1672.3168449281006
126,-1603.9954436209132
127,-953.961805736986
128,-1258.558100011389
129,-1481.9026504452365
130,-1711.7069278529643
131,-810.0732227401877
132,
133,-1131.9282887995005
134,-589.6873344419463
135,-746.0137930149488
136,
137,-2143.49987857973
138,-1143.2408953317429
139,
140,
141,-1475.577348811891
142,-1313.3161532568224
143,-2267.1299210388825
144,-2682.1011370000438
145,-1064.994971955503
146,-2040.0412236643228
147,
148,
149,
150,-2873.834387488764
151,
152,-2832.687867051483
153,-1823.1777764995668
154,
155,-1734.145238845882
156,-2678.4811212772565
157,-1035.9293005538711
158,-1064.8176474110935
159,-3390.2018773205373
160,
161,-3404.6319201875503
162,
163,-1360.026712573618
164,-2365.969427910873
165,
166,-1983.3439389125497
167,-1409.6521940438101
168,
169,-1099.5649145385564
170,
171,-1040.3915951905906
172,-2313.5158735632813
173,-731.2313578229691
174,-1240.713805786355
175,-1096.0652867985866
176,-4498.368891900263
177,-1985.876913461735
178,
179,-2121.011765059722
180,-3134.340565407091
181,
182,
183,-1086.6086253993562
184,
185,-2848.1147469955695
186,
187,-2640.3672907728906
188,
189,-1351.8815699180566
190,-774.9607982207557
191,
192,
193,-1610.5549366713115
194,-1599.841113063465
195,-2506.9692922826134
196,
197,-2635.25354655559
198,
199,-660.1069839911913
200,-1596.5071069795904
201,
202,-1390.2879636541868
203,
204,-1100.9798973167306
205,-2809.107019694295
206,-338.1310844150544
207,
208,
209,
210,
211,-1527.6052069413108
212,-1228.0959441527857
213,
214,-464.08057838278626
215,-3141.413732656858
216,-1385.3521223341622
217,-2487.0737647522287
218,-2975.420335518834
219,
220,-1422.4484048863544
221,-1443.923562453043
222,-2653.9554077047933
223,-1460.7737547941372
224,
225,-2939.4264518077784
226,-1789.9740024357825
227,-1741.182102477543
228,-728.611125923164
229,
230,-1179.4386080604563
231,
232,
233,-3337.0075159541952
234,
235,-1317.5439527259978
236,-3163.235459547659
237,
238,-2469.9615865216774
239,
240,-1139.3633345814865
241,-3049.351560738909
242,
243,
244,
245,-1597.2333177898754
246,
247,-1169.16473361772
248,
249,-2531.351588162237
250,-1910.4109120365151
251,-1125.3478323897443
252,
253,-1746.7641565248618
254,-1314.456135325645
255,-1093.2897598753884
256,
257,-2003.3397455220502
258,-2279.9029844835277
259,-1676.0857939464436
260,-3518.4983727508106
261,-862.3714236574185
262,-2083.0904516832074
263,
264,-812.8391004751759
265,-2375.171247065339
266,-1089.3040618782657
267,-2835.922540318612
268,-2663.1901771915495
269,-1560.9471320936427
270,-1724.6027440851558
271,-3081.047684083056
272,-1680.8460078127923
273,-4726.907396509834
274,
275,-4759.929106706407
276,-3113.7568292174433
277,-2429.8301043206693
278,-1633.0301226094462
279,-1150.7360411558639
280,-1959.5047787907301
281,-960.456798377812
282,-1408.4516325660593
283,-2610.5381348908463
284,-2675.680080787265
285,-1984.3979204081984
286,-1165.0760612735073
287,-709.8932633400356
288,
289,-1674.0486457691968
290,-1343.1904447173904
291,
292,-2298.1990601879015
293,
294,-2034.9806228565276
295,-1449.2530165225494
296,-1130.6278352591926
297,-2513.086984994852
298,-1388.6166185765978
299,-1823.772120237084
300,-3018.0818249443573
301,-3000.007774691211
302,-2262.1650950808603
303,
304,-2238.7763359601972
305,-994.9571138131375
306,
307,
308,-1375.999435358409
309,-605.9398173086919
310,-2302.625864996411
311,-1189.322255470731
312,-1828.5551168908496
313,-2385.8105199364827
314,-3129.2530746376306
315,
316,-1965.2798034877055
317,
318,-3310.756939519588
319,-2990.5162276169367
320,-3280.7987486042352
321,-2565.571422363426
322,-2455.0368078729557
323,-2929.626081549073
324,
325,-1608.4363257876007
326,-2360.7902130425937
327,-3472.64421052965
328,-1707.20766058746
329,-1370.9112905832667
330,-1331.1940398685585
331,-2230.137749708493
332,-2177.2977897956384
333,-1409.7477955448799
334,-681.5239539422896
335,-4245.382605471174
336,
337,-2099.5974209583405
338,-1829.8238039984235
339,
340,-1073.2890696954469
341,-2046.8338941271454
342,-1033.2880111867312
343,-4571.519295118418
344,-1379.1090288877797
345,-1312.7040068920778
346,-463.4150938729273
347,-1739.5806954156633
348,-1956.9401742249215
349,-1241.3656050855855
350,-1840.5237103096697
351,-2227.588857689366
352,-594.6162056371996
353,-2172.8443238241744
354,-4179.795570964308
355,
356,-2912.1565450343132
357,
358,-2778.7015207040554
359,-2179.8820957825724
360,-852.356589076584
361,
362,
363,
364,-1034.009387475472
365,
366,-3022.7588500553015
367,-1830.1286921440756
368,-3570.3731156332733
369,-1507.5353544207082
370,
371,
372,-1799.8949980226191
373,-2509.6906656410183
374,-1215.0619754417612
375,-2254.448786622341
376,
377,-2026.7840017115145
378,
379,
380,-685.7335378701658
381,-1264.046505778667
382,-1696.2611942763324
383,-1253.185745686188
384,-1354.143186279075
385,-2916.975398030935
386,-2027.9530644132365
387,-1696.7068185907247
388,-2673.474973027207
389,-870.2519232251932
390,-2071.537788776783
391,
392,-2143.9427107129504
393,-2362.6414946964546
394,-979.1514728097161
395,-1593.6895205117546
396,-1789.6027443314306
397,-973.0206126794947
398,-2058.199961869348
399,-1466.2578486100592
400,
401,-1316.2077645037414
402,-1479.8296485181706
403,-2989.535028562368
404,-1013.5651389216284
405,-2537.482047331155
406,-1817.7389284824844
407,-1190.1497732132202
408,
409,-2160.723552476807
410,-1141.019310578833
411,-2849.1409020208057
412,-3401.8612471276456
413,-2104.5136903203484
414,-1154.4482152286882
415,-1725.8925908549804
416,-1087.2890696954469
417,
418,-1267.3153483528822
419,-2207.5861362896153
420,-1942.879968905198
421,-2034.177401816211
422,-2679.183922063586
423,-781.0466347742072
424,-2195.177239392501
425,-1544.1302963519151
426,
427,-1879.5696968385146
428,-1840.5769361604735
429,-796.2866470691883
430,-1238.1160648420482
431,-2690.322667866505
432,-1726.658351163418
433,-3514.4117029312565
434,-1902.8951107965695
435,
436,-2226.4729273883895
437,-2345.8152947139124
438,-875.9838366532867
439,-3156.089786966412
440,-738.5810249493433
441,-3435.705872848299
442,-1475.2914345142403
443,-1916.2592810918463
444,-756.5592747379167
445,-2810.1499635227683
446,
447,-831.4611331186704
448,
449,
450,-2760.335042053827
451,-1979.8274745579697
452,-1705.8281086822326
453,-1074.2164511991607
454,
455,-2164.1512906278417
456,-1492.7346373398445
457,-2348.826395542023
458,
459,-1544.3625794518102
460,-2025.708052211448
461,-2916.4938502450195
462,-1180.7038629690264
463,-1232.4114145342792
464,-3317.010880982987
465,
466,-2181.115053779776
467,-1678.683293220009
468,-3110.457606159568
469,-2461.6313015520523
470,-3574.021786389256
471,-1223.3633777446007
472,
473,-2058.0488600064427
474,-2816.4732346032993
475,-2591.98046713895
476,-2554.5405369592672
477,
478,-3666.810679200852
479,-2119.275776626434
480,
481,-2323.590458756426
482,-2341.101821323791
483,-867.8916416544771
484,-3880.9319918019582
485,-2545.3179394136014
486,
487,-2868.4443675152424
488,-2601.0596450047933
489,-375.66798407704187
490,-1639.2707125592378
491,-2012.0282051804124
492,-2728.6404360650963
493,-2127.337204292975
494,-2902.170310626684
495,
496,-1942.857191623822
497,-2818.369591377961
498,-2061.6689475786334
499,-2365.374314952045
500,-1788.4996998098695
501,-2881.982531639381
502,-1141.8297554779624
503,
504,-2134.7793161156574
505,-2159.2397164212384
506,-1971.1955868032242
507,-1119.7769565529588
508,-2541.8750436458263
509,-1702.3366758353004
510,-2021.2142388510588
511,
512,
513,-2072.221879292589
514,-1093.1878165224098
515,-2272.6817659907615
516,-2981.7662779465054
517,-1498.5836742156657
518,-1341.8617564121446
519,-444.994741330957
520,-2319.3593591771796
521,-2410.4863130298268
522,-1149.2232945409987
523,-2580.2740027490195
524,-1463.3233838528208
525,
526,-1848.1743278565405
527,-2805.5739153396785
528,-1190.5663061944363
529,-1247.10982143245
530,-768.2848740378327
531,
532,-1302.1820369198251
533,-2043.903901321194
534,-1463.8807279456094
535,-2157.941975571472
536,-4031.4067702934226
537,-1388.8705577790406
538,-1794.6298086482798
539,-1741.1534566102848
540,
541,-2129.2704601653054
542,
543,
544,-1498.6398578764818
545,-1221.2958066246529
546,-1390.9628134713394
547,-2208.806439656441
548,
549,-982.3343993374231
550,-1884.994367308434
551,-1598.0149543057405
552,-1004.3960964683281
553,-816.2839134841972
554,-1055.0978719591185
555,-1514.4367821622825
556,-1870.6956840624684
557,-1354.593733322616
558,-1165.626769288729
559,-2049.0054842878053
560,-2591.1293272304924
561,-894.3412232441817
562,-1326.3233273455198
563,-1909.7699619043465
564,-4549.1054733748515
565,-1354.1829533805742
566,-1666.6627471060742
567,-2517.0448207115137
568,-1632.5401012441762
569,
570,-3434.402931196742
571,-1672.402052575766
572,-4197.781992501638
573,-3193.0012999589394
574,-2821.164340891488
575,-304.72516171824446
576,-785.9161293560978
577,
578,-4070.47484900174
579,-3246.1440527563545
580,-3657.50651301164
581,-1735.2487839380606
582,-1509.2574568460248
583,-1487.7194819626252
584,-1723.6788893812045
585,-1562.555383268113
586,-2657.552167685654
587,-2382.001741128812
588,-1949.0809062504923
589,
590,
591,-833.1094866361623
592,-904.9598864508987
593,-1568.049058120058
594,-1538.0663696699103
595,-1114.5750154339244
596,-1963.0863302171629
597,
598,-2814.8362639574248
599,
600,-2940.6460502158147
601,-2637.2354563479375
602,-1153.243640424635
603,-2121.1525067095004
604,
605,
606,-4080.876388340742
607,-1405.776805429389
608,
609,-1459.4110184206706
610,-1002.2563626422266
611,-1907.7417091892921
612,-3720.457388334831
613,-1685.973589744623
614,-1746.5992296098989
615,-2714.0195668962747
616,-1958.663467598767
617,-2538.772019163429
618,-1731.6506628186717
619,-1410.1116135480813
620,-2293.8587323612414
621,-2773.1291230616075
622,-1363.4783305589863
623,
624,-961.9329173838544
625,-846.8839674776668
626,-836.431205292452
627,-675.6660023660627
628,
629,-1730.2258736505078
630,-2993.4338799532557
631,-724.5420324692739
632,-1994.9527341664589
633,-3588.5181662954155
634,-2765.385039859495
635,
636,-3148.933085059793
637,-1984.156788967568
638,-3922.37029605476
639,-3001.924232032701
640,
641,-2210.2928251779267
642,-1541.8027414004318
643,-1001.8256518929957
644,
645,-2376.978437853965
646,-2530.8740458849875
647,
648,-3006.2022829515736
649,
650,
651,
652,-1314.26180397478
653,-1461.8909483678308
654,-2712.146873498161
655,-1982.31672320818
656,-2206.4053432031087
657,-2343.242768544365
658,-1748.2202355068325
659,-741.4779136826041
660,-1747.5778730852471
661,-3751.134035923531
662,-1900.6394231031022
663,-1139.1596549727365
664,-692.5204910499887
665,-1806.028820965018
666,
667,-3446.166410037413
668,-1073.5963815301689
669,-1927.960719600323
670,-1914.5876617876092
671,-1343.172675965629
672,
673,-2160.502508723288
674,
675,-1296.931947852567
676,-1742.1832271644503
677,-1885.5329045652597
678,-1108.6068921649662
679,-1138.243075173928
680,
681,-1678.1715708361355
682,-1280.0133508767422
683,-2039.9820077163977
684,-2637.759086665904
685,-3276.679844596534
686,-2216.013941927914
687,
688,-4194.563419467249
689,-1077.3329346904045
690,-2112.0760552713
691,-2286.4607443915593
692,
693,-2031.0064313750581
694,-1283.3474496082945
695,
696,-1199.828089269862
697,-2810.081514028219
698,-1237.7300577303213
699,-1957.56282428014
700,-2386.190284471199
701,-1776.4564874267894
702,-1438.6155346089017
703,-1098.7662116790152
704,
705,-755.4951647599073
706,-1905.2593061078846
707,-2250.588200465443
708,-2297.477870254883
709,-3933.465738050403
710,-1212.5435248412923
711,-692.1771818909795
712,-4010.8503303866655
713,
714,-3759.8057639365916
715,-2199.257966148961
716,-1491.990267592101
717,-643.2450948368792
718,-1990.1460889673926
719,-1151.0923144817737
720,-2508.038461576343
721,-4464.981491683852
722,-3256.892657651713
723,-3548.469892501076
724,-1498.9186792751393
725,-777.1531023860614
726,-1837.3777209539157
727,-1308.2946728765621
728,
729,-1283.2378417925665
730,-1533.2198131571568
731,-1990.2000655021616
732,-783.6925007711625
733,-1595.569105725384
734,
735,
736,-965.8568121991307
737,
738,-2567.057663296374
739,-1064.6675649550666
740,-3431.829328249517
741,-1109.3203840512438
742,-772.8186260228625
743,-2863.030336162623
744,-2133.380280409517
745,-1591.1098745297138
746,-1871.0836971304766
747,-1569.6657335622017
748,-1904.2559976990742
749,-1395.0572849638836
750,
751,-1600.3656552860339
752,-4773.116253026154
753,-1471.0707979831195
754,-2436.0261288753013
755,-1679.9721145839976
756,-1794.1815463356593
757,-1318.0677149113276
758,-2286.4090867962177
759,-557.0122033430946
760,-1503.5229033085525
761,-954.0425172240199
762,-1768.717864251651
763,-4019.5896615807633
764,-1131.57675622022
765,-882.8932633400357
766,-2241.774584483792
767,-894.6352412406611
768,-759.8635992784378
769,
770,-1324.171750309398
771,-751.0366332055278
772,-3740.8515436631546
773,-210.0259962533421
774,-2404.0682008265458
775,-1117.5337537503262
776,
777,-731.166073235672
778,-1273.4264476260332
779,-2079.5906237968957
780,-1623.6068271631832
781,-891.2521461914046
782,
783,-2247.329801893781
784,-1736.457455422532
785,
786,
787,-4119.986572355035
788,-2431.3751816876206
789,-1172.9142710207902
790,-3597.1357394449533
791,-1520.6719320279299
792,-2128.0452140340553
793,-1863.7756501282443
794,-2587.908544571076
795,-1235.4466238732653
796,-3533.7847125110507
797,-1236.5269086076414
798,-1718.5760746568799
799,-3273.019366073995
800,-1540.3824439899602
801,-1903.9538432187173
802,-2616.428539963018
803,-2494.991972600693
804,-4355.492441911779
805,
806,
807,
808,-992.5584662206813
809,-1290.131161776906
810,-1300.0890404262668
811,-3146.1106171628517
812,-2684.4539552924507
813,-2519.8068268431152
814,
815,-2634.5300131499257
816,-2952.399100759806
817,-1082.5259431598029
818,-1249.9460665715753
819,-2492.4220714196003
820,-2286.7965015239565
821,
822,-2103.9936041494343
823,
824,-1274.8413636279943
825,-1748.3125389062388
826,-1243.328774268034
827,-1920.1111767362745
828,-1497.7197839255007
829,
830,-2682.597053346907
831,-1826.2728779961885
832,-2384.22220075649
833,-2792.8683711252197
834,-1365.026632687049
835,-3402.58866893631
836,-993.1426029250581
837,-3494.76975506286
838,-2912.5491378221104
839,-4328.040146556383
840,
841,-4143.649173726746
842,-2268.5110478998486
843,-868.4860472449045
844,-1201.0862065907302
845,-868.9988673310545
846,-1207.7982708845796
847,
848,-853.6328078749857
849,-1332.9826073730583
850,-3222.582633666208
851,-1582.1781592417901
852,-2224.4170606666216
853,-1816.4596358242998
854,-1904.395418416149
855,-1094.0949181221029
856,-3431.230049428422
857,-1872.0346384455088
858,-916.6774786787491
859,-1172.7118760892092
860,-2434.249311380137
861,
862,-1914.394473853953
863,-1322.0793213844986
864,
865,-2565.2778823492968
866,
867,
868,-3308.1286362333203
869,
870,-1939.1415259285445
871,-2479.1353001509506
872,-1788.2379887238512
873,-1973.9955222417784
874,
875,-2433.124276087849
876,-1261.0349244179833
877,-1609.1723570308995
878,-2405.8364180907834
879,-2475.307079220765
880,-2290.748535889684
881,-1968.5188666370677
882,-2057.7279095862727
883,
884,-2852.8428931327353
885,-507.60516548027283
886,-2157.0032383396015
887,-934.2768298418232
888,-2270.5432897553746
889,-2831.7810112320053
890,-2218.1322840071384
891,-3547.9623550847527
892,-1123.486485484929
893,-1390.7486948182745
894,-570.9280636412486
895,-2595.1486457364535
896,-1319.6862891606274
897,-1004.8502410652145
898,-1811.2966337688267
899,-2105.011401948277
900,-1799.1255533321773
901,-2895.121384168958
902,-1032.1718844423458
903,-1227.648854204014
904,-975.2968720829267
905,-3104.1841091203896
906,-2475.747589495867
907,-1017.9666959002843
908,-496.72995647336904
909,-687.0243174305128
910,-1966.6814553709064
911,-1707.554465506992
912,-1046.8966642269288
913,-2500.5180616382468
914,-1416.6358505635699
915,-1620.6027972904326
916,
917,-1146.125249531861
918,
919,
920,-2235.357102908449
921,-2994.137685562632
922,-3640.0674188981175
923,
924,
925,
926,-1480.6911288585839
927,-1478.5742361188372
928,-734.2899844311285
929,-680.9892783722039
930,
931,-1004.0885010211232
932,-2549.547507145642
933,-1506.7402995208868
934,-1562.8926204719974
935,
936,-613.4310549709469
937,-4182.754789485883
938,-1010.4969211419996
939,-774.8481644517883
940,-1146.2751341678395
941,-1578.5227214616434
942,-3669.5893968368146
943,-317.31517821718296
944,-482.77487572281166
945,
946,-1624.732305774783
947,
948,-2183.4993965680724
949,-1024.9336588936108
950,-1578.1930782788309
951,-2637.2069934230394
952,-2968.6605068075323
953,-1025.2059449466785
954,-2007.228920486395
955,-309.35935511828893
956,-2178.55980021325
957,-1214.4955042523586
958,-837.204344762371
959,-71.79853149254973
960,-302.98484625470854
961,-2566.826620689013
962,-2293.9776270427315
963,-1698.8140085053838
964,-144.05188104537
965,-1306.2870612595502
966,-1546.878433253442
967,-2552.50370534298
968,-1562.878243111892
969,-1670.8409420110875
970,-1633.982013362178
971,-2642.1613271303395
972,
973,-2410.4988832972167
974,-1268.0414112968579
975,
976,-2092.62178424856
977,-2475.0685043837448
978,-117.91683001714097
979,-1203.2819367021793
980,-2698.0268440271184
981,-708.0688309689267
982,-1762.4150808200625
983,
984,-1019.1691984185188
985,-1564.9049392533339
986,-749.8849300592051
987,
988,-1902.3587297310473
989,-2080.0054006181126
990,-4375.286221592458
991,
992,-368.4796049198882
993,-2147.692162653792
994,-1843.0149990837185
995,-2418.812808226108
996,-2806.5560969429634
997,-151.93015458676587
998,-1169.324675187774
999,
1000,
1001,-559.1649990810813
1002,-3194.9547894858815
1003,-871.1373076511097
1004,-1578.9385418577172
1005,
1006,
1007,-2010.6525969127665
1008,-740.9848479703696
1009,-3414.091190436392
1010,-989.4675004418218
1011,-1122.9133596382537
1012,-1639.7019433326855
1013,-1736.8771765254492
1014,
1015,-2074.3746276591637
1016,-1842.7926983948028
1017,-1981.3974541284024
1018,-1740.6743814669085
1019,-163.5921013786791
1020,-1074.900304956981
1021,-2448.4419162590393
1022,
1023,-1800.9273122232298
1024,
1025,
1026,-407.0731636964814
1027,-1793.9700464848602
1028,-2684.474011594939
1029,
1030,-2765.9637913195556
1031,-600.2043281840799
1032,-2272.368171018716
1033,
1034,-725.1100987904829
1035,-637.4051064614486
1036,
1037,-886.5442572599395
1038,-727.8676545460121
1039,-1670.1520591375747
1040,-994.5693622255365
1041,-236.05799737712977
1042,-2281.978433326409
1043,-205.95710115923004
1044,-217.17075793749285
1045,-2256.0098566695424
1046,
1047,
1048,-1484.8382913713513
1049,-1286.8152357978452
1050,-821.3174935237566
1051,-675.7910457118992
1052,
1053,-2660.4108971236146
1054,-1685.413817618537
1055,-1333.6169637779399
1056,-2388.8107355734164
1057,
1058,-952.6668390885384
1059,-1480.11291012959
1060,-2186.770181140469
1061,-1113.6091948458698
1062,-1327.425142097683
1063,-815.1244449254825
1064,
1065,
1066,-277.9561741808485
1067,-2654.8476096480854
1068,-1452.942749668734
1069,-1174.2323714831018
1070,
1071,-722.1636162975055
1072,-1492.3529838738832
1073,-1576.669345254776
1074,
1075,-2830.081454775289
1076,-517.5593794093179
1077,-2004.608931664207
1078,
1079,
1080,-2222.428071569112
1081,-1298.1346913494053
1082,-470.37638826947114
1083,
1084,-2739.3775743424876
1085,-2657.5744630747377
1086,-2811.411949398116
1087,-1818.076178693705
1088,
1089,-1992.500862956792
1090,-510.8635034987351
1091,
1092,-955.263990362826
1093,-1991.4322373982895
1094,-196.21022660489245
1095,-2173.3895611953317
1096,-1570.6220405270228
1097,-1227.4769693500577
1098,-708.1165053954719
1099,-1346.5209672087972
1100,-1835.5321300363098
1101,-2859.575371618616
1102,-514.846541878806
1103,-706.6877203501115
1104,
1105,-1313.9895600488144
1106,-3511.0565154173446
1107,-1533.8938414959166
1108,-435.6491758954511
1109,-3709.2583594329108
1110,-2400.8815349099796
1111,-224.42843537323046
1112,-1491.8777812589642
1113,-992.7839424614701
1114,-267.37638826947114
1115,
1116,-688.006590161654
1117,
1118,-259.01750281286786
1119,
1120,-1826.1835999661484
1121,-1287.806198934966
1122,-1701.8372506537894
1123,-1920.2800527094491
1124,
1125,-502.27900804996966
1126,-2287.0247772315925
1127,-2643.421900503422
1128,-1450.5361110407198
1129,-2135.8942424900456
1130,
1131,-1966.2354431219487
1132,
1133,-1530.214905566393
1134,-1297.3076413543954
1135,
1136,
1137,
1138,
1139,-87.2635902091763
1140,-497.1440379897804
1141,-1186.9034444093995
1142,-1132.5824941109624
1143,-1060.6333538471222
1144,-1572.9466232689201
1145,-1470.7061427549647
1146,-1720.6396182759777
1147,-408.7771894229194
1148,-1783.24710548453
1149,-935.3318865820158
1150,-1708.0921042477376
1151,-1061.3480787296082
1152,-618.4102712395772
1153,-760.4955007796004
1154,-1340.8672808176643
1155,-2154.346898659051
1156,
1157,-1067.504523518672
1158,-1381.2885079115918
1159,
1160,-2437.335663495839
1161,
1162,
1163,-1018.7233610821463
1164,-2601.878427323262
1165,-1507.0610527158196
1166,-1299.2779793086843
1167,-910.8861362728157
1168,128.5559637018698
1169,-1216.5737345609232
1170,-734.1906253087568
1171,-1904.0446393544967
1172,
1173,-2110.0467261403483
1174,-1840.9534083707172
1175,-1194.2769693500575
1176,
1177,-536.637108007942
1178,-2705.4472354493137
1179,
1180,-1285.948790139078
1181,-1654.130607869663
1182,-2379.3127119230785
1183,-1898.0452336047983
1184,
1185,-891.7071672015563
1186,-2484.9880840769238
1187,-454.37638826947114
1188,-1957.842329439908
1189,-1307.9137071936893
1190,-3330.551758896265
1191,
1192,-3002.82515638711
1193,-1025.6071698093258
1194,-3838.20401487862
1195,-1522.4789470051587
1196,
1197,-1353.6511635361444
1198,-1758.741289084639
1199,-2933.564119301493
1200,-1817.2323950998243
1201,-3017.547329061974
1202,-1085.2168704863725
1203,-34.438714809894435
1204,-662.6146229288624
1205,
1206,-954.6866848272216
1207,-3062.1473290619733
1208,-1322.5652162789456
1209,-2545.6005310338205
1210,
1211,-2293.383484449959
1212,-2096.5857597979125
1213,-2444.3532437458243
1214,-1814.7483215584912
1215,-259.38320668805784
1216,-153.1589950758057
1217,-2135.9950861799794
1218,-1290.2273730044526
1219,
1220,-1102.2017632399459
1221,-1008.5392376181619
1222,-2141.962769245987
1223,
1224,-2079.5905718551767
1225,-501.39244955945173
1226,-1497.1952947073469
1227,-1063.1030946690987
1228,-161.1567502558362
1229,-25.59769080234834
1230,-1793.7763496988073
1231,-237.83535744872586
1232,-3233.1290956959947
1233,-364.86026740658406
1234,-619.4056929413289
1235,-2222.5903707748025
1236,-1462.3477315127875
1237,
1238,-312.360320929071
1239,-1628.2332162933858
1240,-1706.4690148839204
1241,-1397.1725132676092
1242,
1243,-686.8033525832084
1244,-1436.854090214208
1245,-849.6146319035481
1246,-1011.0289511355354
1247,-145.10244332174437
1248,-1132.175599399011
1249,-77.07549946305568
1250,-1331.0107718529785
1251,-2725.101068602255
1252,-2412.873637914875
1253,-862.6915290699665
1254,
1255,-1094.1266439873116
1256,-1497.5779450337159
1257,-398.88571488104185
1258,-2107.4173030075704
1259,-1261.6576801938095
1260,-1797.8627122531643
1261,
1262,-1174.1048876858285
1263,-2167.391225442801
1264,-770.276658961764
1265,-1555.7921286939886
1266,
1267,-1495.6031308931306
1268,-413.53108566529716
1269,-2648.102508774865
1270,
1271,
1272,-2552.7273615676486
1273,-1535.751829583699
1274,-2028.8072666990288
1275,-1269.5017618480192
1276,-3070.5694950301477
1277,-1532.1626208997332
1278,-1423.9524534366724
1279,
1280,-1529.7694780478591
1281,
1282,-1875.3116628617167
1283,
1284,-1643.0172177161216
1285,-961.0531604465955
1286,-1507.8389019203278
1287,-2099.33508295226
1288,-2767.770621570366
1289,-777.5243293693954
1290,-1385.279216025364
1291,
1292,-1823.426923675123
1293,-1804.9311049219555
1294,-1167.4218581829023
1295,-3926.390584794979
1296,-1407.4766917136094
1297,-1825.9285128504912
1298,-2011.0411963045576
1299,-2942.5954530588197
1300,-658.4567647665829
1301,-507.8954070176459
1302,-2804.6987182817948
1303,-3548.282298997588
1304,
1305,
1306,-4147.1433786934
1307,
1308,-1670.9819945554955
1309,
1310,
1311,-1970.445071962029
1312,-2850.1812964064297
1313,-1903.9348212593245
1314,-1421.5028456164748
1315,-1544.2958404083925
1316,-2065.606806847502
1317,
1318,-972.465199489113
1319,
1320,-930.3081670525953
1321,-1304.0882962384096
1322,-1581.522313160322
1323,-1749.9082270221963
1324,
1325,-1500.7457182572336
1326,-4298.619805488792
1327,-2236.525117904084
1328,-1876.6224131560639
1329,
1330,
1331,-1604.15027929574
1332,
1333,
1334,-3300.746915196832
1335,-926.6943275146439
1336,-1555.8764623662237
1337,-1618.9513375684926
1338,-1547.8198860259974
1339,-2230.5262362817653
1340,-961.5709344585823
1341,-818.2608507513723
1342,-714.3138352994679
1343,
1344,-1177.966268157451
1345,-1496.1139748206456
1346,-824.9356539629562
1347,-1632.5858834747296
1348,-2043.7049094950867
1349,-883.4228209946125
1350,-1514.3677868555856
1351,-2556.4029693619573
1352,-2222.953998442539
1353,
1354,-2954.0121237049143
1355,-1995.959334697494
1356,-2036.6427929409892
1357,
1358,-663.6121834298876
1359,-1511.9874556911993
1360,-1280.3564600409466
1361,-821.934835338604
1362,-1328.4450610033155
1363,
1364,
1365,-880.6962730750436
1366,-872.8751700087923
1367,-830.9745143340447
1368,
1369,-3398.0137538543686
1370,-2399.3706825704
1371,
1372,-2945.3044521906004
1373,-1886.47979784552
1374,-3315.558087311346
1375,-2648.9775872729037
1376,
1377,-905.2284606683961
1378,-756.5517977126317
1379,-2076.743853288263
1380,-1616.3629103220421
1381,-856.8270494097352
1382,-879.3798206141296
1383,-3255.8639630312546
1384,-1521.203482061639
1385,-314.48915932864327
1386,-3567.0126797747516
1387,-1614.483800610968
1388,-1741.2220947436704
1389,
1390,
1391,-2363.969617906821
1392,-2531.285747009326
1393,-2360.7615492263585
1394,-1621.307766006672
1395,-2118.4392470622956
1396,-1680.13945515454
1397,-3627.2142023312117
1398,-2593.5214255945166
1399,-2040.0946242323748
1400,-2417.6599334530392
1401,-1349.6163407695008
1402,-1648.2031793634644
1403,-2889.3546844641714
1404,
1405,-2336.9639950667715
1406,-1208.5840314088914
1407,-1927.5118523067626
1408,-1623.721433192944
1409,-1937.6870171704659
1410,-2297.9629942945535
1411,-1476.2318637648953
1412,-3612.2985074591934
1413,-2404.205141760766
1414,-2937.234855196762
1415,-1997.5643133735725
1416,-1214.8018495332979
1417,-3168.131883713725
1418,-2044.7245942075297
1419,-3746.826346114556
1420,-2662.756598467051
1421,-1174.4281887827538
1422,-1755.470866639524
1423,-1165.9125557934292
1424,-1901.0431980114795
1425,-1946.2751873495195
1426,
1427,-1019.0894142714083
1428,
1429,-1155.9630314084097
1430,-3462.8420846526806
1431,-2154.260293527078
1432,-3303.1665641155537
1433,-1793.615307360808
1434,-1604.537056296025
1435,-919.1466917702107
1436,-2118.8461662553323
1437,
1438,-1636.0638129861222
1439,
1440,-2875.0027669823644
1441,-1533.9046606050208
1442,-1346.8897540607456
1443,
1444,-1899.79199585468
1445,-1847.2496537329198
1446,-1582.2569391857087
1447,-3069.858591032072
1448,-511.57933491329334
1449,-751.6267280154725
1450,-3190.831561635988
1451,-1981.4601342149476
1452,-2830.5612555891257
1453,-1985.9088301517718
1454,-2072.6123706699977
1455,-1802.0443535685931
1456,-3499.062045325083
1457,-2870.553291818354
1458,
1459,-1527.3097873877286
1460,-1629.7092722754642
1461,-959.5582459349116
1462,-2630.0020879354092
1463,-896.8036789696159
1464,
1465,
1466,-1806.9818275939779
1467,-1679.7308708546425
1468,-2963.666731962451
1469,-1613.7648104713849
1470,-2888.082066742811
1471,-1625.3658480234044
1472,-1151.5549719296478
1473,-1031.998495095124
1474,-1458.3781590556346
1475,-2367.0810399330535
1476,-1912.7304589515074
1477,-745.5639847505217
1478,-1960.2362013375332
1479,-1628.444695117595
1480,-2711.628361889343
1481,
1482,-3100.2896185833542
1483,-1601.7461353515678
1484,-2445.30343884083
1485,
1486,-3527.586407970964
1487,-1677.0177668300744
1488,-3293.808621239647
1489,-1318.121485876117
1490,-2663.976407182318
1491,-1197.8762025496283
1492,-862.5569288124211
1493,-999.5078723670786
1494,-3220.3267325702545
1495,-2241.013101004557
1496,-1097.6119453282995
1497,-3599.1850440488756
1498,-2805.3657774681046
1499,-4444.6719678743275
1500,-2189.874810887169
1501,-1052.1881795346526
1502,-1874.9600771716032
1503,-2330.4980417987804
1504,-2300.7847511540813
1505,-1883.7506671681713
1506,-1408.0812394932118
1507,
1508,-1852.469316413636
1509,-2107.9879092362094
1510,-899.6218497531809
1511,-820.455346532382
1512,-1843.3099043332386
1513,-2267.670336042029
1514,-986.3506917981285
1515,-727.5457008454314
1516,-1157.8380569670082
1517,-3920.22646829703
1518,-1368.0155923556965
1519,-2712.3402086671017
1520,-2881.301143654142
1521,-2761.979620107527
1522,-3224.213930030033
1523,-2455.0152764313725
1524,-2039.3058090626637
1525,-1892.802299262124
1526,-1460.725162500656
1527,-894.0474288605412
1528,-2094.527421132241
1529,-2518.898152384886
1530,-2663.5377916308576
1531,-1170.4466637784772
1532,-1565.0700910786159
1533,-1554.9070025759956
1534,-3126.1689167563627
1535,-2516.303389003054
1536,-754.5146082845486
1537,-1432.7770782975927
1538,-2223.1614274193294
1539,-2193.2308626967238
1540,-2485.80235128602
1541,-2869.926673107344
1542,-2764.9111448918356
1543,-2580.8676369404143
1544,-2797.5539343458104
1545,
1546,-1281.6814050592411
1547,-4120.336940323646
1548,-1054.3993376299516
1549,
1550,-678.2235783136532
1551,
1552,-2150.148033132715
1553,
1554,-2418.6730009392163
1555,-2231.196203682768
1556,-1606.7880761220404
1557,-1775.7364921028561
1558,55.39762408568441
1559,-2996.101510771298
1560,-818.4795481128185
1561,-1413.4975966250604
1562,-1541.6559095616076
1563,-2604.0828229491826
1564,
1565,-3376.0661345100652
1566,-2489.565156413527
1567,-1541.1236699546469
1568,-3074.3822889183807
1569,-1991.0716695142587
1570,-3142.3515802121246
1571,-3828.7825294959657
1572,
1573,-963.2418199015005
1574,-675.4734690535613
1575,-2725.490443509706
1576,-1187.7956443247633
1577,
1578,-2825.0677806107587
1579,-2077.3869401708107
1580,
1581,
1582,-458.55479800842704
1583,-1668.9986164244142
1584,-2996.5263748813936
1585,-2667.9844114571456
1586,-1754.583586789005
1587,-2519.0453470970847
1588,-1579.7720609353948
1589,-2289.947304361079
1590,-1371.9554729812994
1591,-950.643074758528
1592,-1552.7672786220965
1593,-1790.0409707079957
1594,-2502.851381043361
1595,-2615.057704910987
1596,-2297.0145228799342
1597,-1662.169512283141
1598,-2027.40054976988
1599,-2086.6949652244907
1600,-1008.4406499306147
1601,-3701.312144838259
1602,-754.5866828012556
1603,-1873.5196069391632
1604,-1350.721624162195
1605,-2590.5214085013076
1606,-1324.0367926224142
1607,-1523.3174556037343
1608,-3443.2350741147447
1609,-1619.697188773057
1610,-913.2795514258048
1611,-2310.2446767406877
1612,-2787.9804210450166
1613,-903.213165288134
1614,-1373.7799481992215
1615,-2917.6391448688046
1616,-2049.1725165583775
1617,-2582.9079315396375
1618,-4902.022485582479
1619,-4121.777971208817
1620,-1719.0375675128143
1621,-1736.0964999328958
1622,-3514.355768700069
1623,-2182.4640338159434
1624,
1625,-1879.327199260937
1626,-2987.589103468951
1627,-2521.7667462630407
1628,
1629,-1768.0611162692326
1630,-1846.731588995507
1631,-1270.334398770529
1632,-1237.3982574764125
1633,-2603.9433459606325
1634,-2181.690435328906
1635,-584.632511181418
1636,-638.7016489979337
1637,-2031.7447245925605
1638,-1948.0660455895395
1639,-1254.32294495537
1640,-3384.8142430454623
1641,
1642,
1643,
1644,-1175.2061249601634
1645,-1266.7506682362814
1646,-773.2459286104925
1647,-2092.686510433661
1648,-3700.7527049614882
1649,
1650,-2430.1007326532444
1651,
1652,-4669.911342910447
1653,
1654,
1655,-1972.8662140890451
1656,-2138.856668210589
1657,
1658,-4147.70544791824
1659,-1884.3372466017154
1660,-3344.0133233707884
1661,-2671.1765546322713
1662,-1815.2948130858276
1663,
1664,
1665,-2529.315492122635
1666,-3011.6314955878584
1667,-2545.9244925703924
1668,-3600.85171203177
1669,-2330.876490563888
1670,-3356.5453778396613
1671,-3686.905909466157
1672,-2030.252175211448
1673,-3699.5460215094254
1674,-2974.1830912176347
1675,-2712.1641467464838
1676,-3725.0567077394444
1677,-2797.3416942756176
1678,
1679,-3081.9427581156133
1680,-3790.161903289416
1681,-1299.0798626820806
1682,
1683,-2771.052293480294
1684,-3377.854582286811
1685,-4380.2066640557705
1686,-1739.4945586384815
1687,-614.36791841146
1688,
1689,-2724.1765546322713
1690,-4350.43708840168
1691,
1692,-699.671855865216
1693,-2560.8725482368873
1694,
1695,-2443.248490412844
1696,-2406.303695424629
1697,-2315.2925090519843
1698,-2088.2096768691404
1699,-2351.494557675869
1700,
1701,-1674.269982484242
1702,-2431.473535384505
1703,-2998.820527173314
1704,-3435.8250963995024
1705,-3210.5729215631754
1706,-3172.9959125935156
1707,-3788.5785731133165
1708,-2327.537686976354
1709,-950.3838669745342
1710,-3159.580433481522
1711,-3233.062048143119
1712,-1553.4782667606573
1713,-1291.4240183476707
1714,-1292.0333035830772
1715,-1585.9308875902213
1716,-1218.1280478667459
1717,-2339.858498177263
1718,-1438.8961499583236
1719,-1242.7764000658435
1720,-1653.1721073049036
1721,-531.4080679520766
1722,-3407.18943021839
1723,-2765.482799585122
1724,-3801.4335146111944
1725,-1784.6205582308526
1726,
1727,-1188.6927107481258
1728,-1991.6909172671512
1729,-993.050498446448
1730,-2598.4851809527863
1731,-2299.909231018354
1732,-3717.2461567740456
1733,-2882.5125194733637
1734,-1826.496522771105
1735,-1128.499206058209
1736,-1251.5165839101142
1737,-1548.0824169944462
1738,
1739,-1520.4277299422283
1740,-2304.2554194572845
1741,-1443.770530018085
1742,-1158.975161199146
1743,-2929.33320452858
1744,-1363.0421558594596
1745,-1111.27036498926
1746,-2731.106130671406
1747,-5538.141285757496
1748,-1837.8546991795406
1749,-1890.0713593787987
1750,-2906.0799384232396
1751,-1711.5647441208243
1752,-1005.4687679640979
1753,-1945.9815322022778
1754,-1903.9045986183742
1755,-1637.0933484426273
1756,
1757,-1497.6674379390392
1758,
1759,
1760,-1643.3100174607184
1761,-1638.1111493312692
1762,
1763,
1764,
1765,-2214.968133766425
1766,-1632.7388358247013
1767,-2798.9376696340923
1768,-2999.5775355370024
1769,-978.7302253065168
1770,-1832.4377840031061
1771,-1295.824065947682
1772,-1680.3730135898222
1773,-1413.270848654373
1774,-744.1507187648593
1775,-2445.3320187331033
1776,-1341.8478083157863
1777,
1778,
1779,-2880.8310260295248
1780,-1749.2820103868926
1781,-2887.884647195627
1782,-2552.428542082227
1783,
1784,-1111.7317914918647
1785,-1575.4433073585856
1786,
1787,-1120.9860070339403
1788,-2451.488009598261
1789,-15.25777264338376
1790,-1836.3771297723201
1791,-1878.3864406625962
1792,-1871.9236429980874
1793,-3293.091822389718
1794,-2667.973500959343
1795,-1317.9335837575409
1796,-1093.3764163557469
1797,-1113.488305262981
1798,-3825.7289579337203
1799,
1800,-555.7970533459193
1801,-1159.6882035135832
1802,-2079.191532568575
1803,-1773.6196688712103
1804,-1102.044552649729
1805,-1453.5373645815396
1806,-2167.656257438267
1807,-1854.229135653282
1808,-3350.1701712730382
1809,-3029.310949235374
1810,-667.3019745358837
1811,-2787.456662280627
1812,-2710.932921697864
1813,-1779.0285357316116
1814,
1815,-2453.127758910176
1816,-2059.711173870058
1817,-805.1403712822002
1818,-420.6444838422889
1819,-1173.8052910413114
1820,-2332.365214874313
1821,-2814.108349569946
1822,
1823,-1026.9938188004726
1824,-1583.8159774366795
1825,-1338.8101597725572
1826,-1900.1035900555648
1827,-747.3962148865053
1828,
1829,392.32241050413404
1830,-4033.622458606971
1831,-2361.516488981039
1832,-3211.814001140943
1833,
1834,-2240.920754165616
1835,-1906.688167223232
1836,-3676.995589002134
1837,-1322.4670020394938
1838,
1839,
1840,-2777.906407182318
1841,-2832.55749950956
1842,-919.4148041721794
1843,-2450.0888224938835
1844,-872.5354340365034
1845,-3185.312051089621
1846,-1727.8257759177395
1847,-2986.737341216264
1848,-1289.1135184110206
1849,
1850,-2466.404267956502
1851,-1934.2961531069914
1852,
1853,
1854,-2329.9684719111374
1855,-1160.1918408935492
1856,-1095.2583788782852
1857,-953.5548685907652
1858,-2040.6110998973572
1859,-2224.21057897152
1860,-1895.3674507430294
1861,-1231.9397590437998
1862,-2502.871174192948
1863,-1133.942182527305
1864,-1814.5393424631147
1865,-2084.8746586864877
1866,
1867,-1623.6461914838428
1868,-746.7261735914788
1869,-2329.976015805794
1870,-1260.6461831523006
1871,
1872,-2911.215180492798
1873,-1510.5641960193407
1874,
1875,-4087.1873492388513
1876,-3033.825843708921
1877,
1878,
1879,
1880,
1881,-1398.8801551234626
1882,-1811.5670419745616
1883,-2644.5752426833615
1884,-973.6130435136013
1885,-1453.7284157795077
1886,-1167.6882888592806
1887,
1888,-1666.2468642237477
1889,-1110.652947896118
1890,-3424.2155462818605
1891,
1892,-1287.540140031604
1893,-1826.299377743107
1894,-4160.588744854957
1895,-2945.7810778154967
1896,
1897,-3115.145989296275
1898,
1899,-1774.9882599019593
1900,-2558.001657113216
1901,-779.0381032021285
1902,-1664.9995867241582
1903,-2442.006721808214
1904,-2744.244913193046
1905,-1217.3647007848583
1906,
1907,-1635.0737876178855
1908,-1794.7638804644307
1909,-710.0125173894636
1910,-2360.611321703145
1911,-2086.2715365453237
1912,-3317.215626076587
1913,-1550.1279022854942
1914,-1712.3122302576385
1915,-2113.762617223723
1916,-1980.9040376328226
1917,-2552.9667138498826
1918,-2718.7790819339343
1919,-3846.9229762068344
1920,-715.7676792882678
1921,-1489.7874487846334
1922,
1923,
1924,-1445.1877143290994
1925,-2932.5232651337174
1926,-600.578275167069
1927,-1073.804806837147
1928,-977.8188618577992
1929,
1930,
1931,-1064.0130227986888
1932,-849.3655626619741
1933,-1869.252918724866
1934,-2672.1129517085246
1935,
1936,-2171.5293988111057
1937,-1548.531039567133
1938,-2153.661389279519
1939,-528.2987845396295
1940,-1531.4988519356334
1941,-2500.033984195469
1942,-1411.858680904551
1943,-3634.337785717058
1944,-1089.7735896291993
1945,-3342.7037536974562
1946,-1864.1739929385494
1947,-2216.231711520779
1948,-1553.6261927626497
1949,
1950,-2428.1415096047176
1951,-2404.880590157396
1952,-4046.899146887564
1953,-1325.3512643681884
1954,-1395.3371021682187
1955,-1072.6824846832892
1956,-1475.9959183164265
1957,-2850.851246203258
1958,-1340.3213804684483
1959,-1574.3578760963796
1960,-1268.5541806422914
1961,-2052.6791219740976
1962,-1803.7974620386672
1963,-3149.2399014843577
1964,-1565.2956923558645
1965,-1149.1171062937706
1966,-2981.2820941555233
1967,
1968,-1562.0084875253883
1969,-2310.702961803564
1970,-1102.709747431092
1971,-2271.688004974068
1972,-1265.259286733295
1973,-1090.8661141635475
1974,-2217.9334534233026
1975,
1976,-2670.405052141531
1977,-1648.408006905665
1978,-3043.1725137851167
1979,-1572.7132395635767
1980,-1627.9604309997721
1981,
1982,-2461.6849993236433
1983,-3811.4870009602937
1984,-1633.7076226892927
1985,
1986,
1987,
1988,-2510.868771420273
1989,
1990,
1991,
1992,
1993,-2037.8861122928574
1994,-1464.645829864865
1995,-1813.0553391371855
1996,
1997,-2012.9649548506864
1998,
1999,-2021.1191483535385
2000,-1649.627940609968
2001,-1426.3204069010685
2002,-1980.1141686502515
2003,-2299.4342855146892
2004,
2005,-1489.968213592269
2006,-1098.0093047272824
2007,
2008,
2009,-3558.71725385807
2010,-4171.820517510217
2011,-2305.1161095949874
2012,
2013,
2014,-2328.384011887813
2015,-1337.2714007727186
2016,
2017,-2109.573388601654
2018,-1961.9093186974292
2019,
2020,-2250.923116428247
2021,
2022,-2349.931670437195
2023,-2262.261978580709
2024,-3118.4250022598508
2025,-1727.2556556965174
2026,-1737.6782041630336
2027,-1129.3039241060142
2028,
2029,
2030,-2843.2014541467124
2031,
2032,
2033,-1507.4035633449012
2034,-1707.6000473090735
2035,-1647.531039567133
2036,-1417.173546464785
2037,-2506.573667131005
2038,-718.9496272686124
2039,
2040,
2041,-1678.675377744708
2042,-1506.1172029045015
2043,-811.4019500447735
2044,-4055.725134516525
2045,
2046,-1352.6828991768095
2047,-1788.4392128737932
2048,-1236.4886188928426
2049,
2050,-1781.8497234677106
2051,
2052,-3878.6722067317733
2053,-1617.8081186778231
2054,
2055,
2056,-2041.6949632865403
2057,
2058,-2467.3663252226434
2059,-3181.947618919051
2060,-3134.472635744237
2061,-1386.3909981100314
2062,-2663.234897907233
2063,-1317.5265968970089
2064,
2065,-2516.1732366372717
2066,-1787.8766204691437
2067,-1813.411933639411
2068,-4065.597400696931
2069,
2070,-1694.4192620502527
2071,-2309.2030957842067
2072,
2073,
2074,-3052.03219272966
2075,-2608.912241966048
2076,-2140.6011428286456
2077,-1970.388501013551
2078,-2334.8423411423687
2079,-872.6129935500551
2080,-1279.19688995042
2081,
2082,-5241.653511350512
2083,-2141.5587501491837
2084,-2056.465948299803
2085,-1941.2430770673463
2086,-979.966147483683
2087,-2572.9275914692016
2088,
2089,
2090,-1441.1736681783505
2091,-1806.9121174095362
2092,-3799.5996788166512
2093,-1631.204550986305
2094,-1346.621126864908
2095,-1904.151447717874
2096,-1680.469788252181
2097,-2604.3720393305302
2098,-736.7608507513723
2099,-2283.718123984499
2100,
2101,-1867.9253870305542
2102,-1751.5559850526329
2103,-1593.7322383338114
2104,
2105,
2106,-3544.4279068486985
2107,-2120.84061529492
2108,
2109,
2110,
2111,
2112,-3153.5681639982377
2113,-1405.6049749620572
2114,
2115,-3183.2246106029406
2116,-3201.5056037716304
2117,-1734.6789471808834
2118,
2119,-1695.7962117581928
2120,-2255.0755121295324
2121,
2122,-2198.8461227862153
2123,-3389.535893848937
2124,-1840.4922400430046
2125,-40.612350514085875
2126,-1546.4699420187658
2127,
2128,
2129,-1909.4537113075016
2130,-1854.8526533412378
2131,-1089.521823844773
2132,-2491.919689832805
2133,-965.8668498197871
2134,-2688.9238154802915
2135,-2269.265463442007
2136,
2137,-1754.0980499688794
2138,-1948.527723268442
2139,-2832.1456296716497
2140,
2141,
2142,
2143,-1986.8161735133667
2144,-4136.187826424519
2145,
2146,-2998.636162170743
2147,-2016.0847105984967
2148,-1420.7465417280082
2149,-1465.6180723192335
2150,-2772.7619587351082
2151,
2152,-3820.127557412451
2153,-1973.2616825742243
2154,-2677.574332680915
2155,-2284.4347179715696
2156,
2157,-2429.812918713359
2158,-2204.9961740338204
2159,-1949.3747514134343
2160,-1879.1965487964471
2161,-3020.745281283898
2162,-1931.9259458880797
2163,
2164,-2041.4328087776175
2165,-3203.2869255290047
2166,-1402.5856709081465
2167,
2168,-2000.877411530229
2169,-2538.9464255639455
2170,
2171,-1928.6955827030856
2172,-1174.427037058147
2173,-2395.9195182382887
2174,-213.91905674143618
2175,
2176,-1599.5814736645857
2177,
2178,-2223.11105079054
2179,-1794.819291327622
2180,-1384.2353539446194
2181,-2346.729501927545
2182,-2598.827612192013
2183,-1553.0858253004753
2184,
2185,
2186,
2187,-1910.4727491855465
2188,
2189,-1955.2004077907623
2190,-1093.3273364979211
2191,-2730.6585540388824
2192,
2193,
2194,
2195,-1339.9873407985488
2196,-2008.835673807847
2197,
2198,-1404.9554997031532
2199,-1455.1370182160363
2200,
2201,-1531.4675853921613
2202,
2203,-1977.8386814344894
2204,-1084.6097003826176
2205,-1267.1216518474766
2206,
2207,-60.86890763392688
2208,-1599.2640138321021
2209,-1823.5560298036798
2210,
2211,-1768.7894183508392
2212,-2004.4485496835605
2213,-1744.0524487357502
2214,-1914.2740172705053
2215,
2216,-1191.9755124060543
2217,-2723.1733379259335
2218,-1097.3449781330437
2219,
2220,-3018.2657077166155
2221,-987.825188091309
2222,
2223,-1292.600017481166
2224,-1103.745599322805
2225,-3047.549713975598
2226,-1611.7709301701693
2227,-1756.1498829600528
2228,-2072.461166762018
2229,-2349.223806404137
2230,-2797.4271906945096
2231,-1575.6902309773905
2232,-2196.4450597150694
2233,-3801.1017060230797
2234,
2235,-803.8307689021358
2236,-3044.3040085783678
2237,-3112.7122465579087
2238,-1368.08798960806
2239,
2240,
2241,-2698.296833902772
2242,
2243,
2244,-662.8647398912033
2245,-1163.1054380773367
2246,-1904.9402955925361
2247,-2063.611568215489
2248,-2260.3911984954916
2249,
2250,-1187.9415763470197
2251,-1349.9616711951323
2252,
2253,-927.2916900161431
2254,-1274.1774687784466
2255,-1602.6641051169436
2256,-1079.0365160899228
2257,-1250.9954003451285
2258,
2259,-960.1684445875396
2260,-899.9437811255889
2261,
2262,-1815.6396764625333
2263,-39.629999999999995
2264,-1137.6370401675426
2265,-1726.6551997356746
2266,
2267,-1712.9721408630962
2268,-1174.1548423741106
2269,-1027.5029583534006
2270,-2505.5664094415893
2271,-1284.9267742486095
2272,-1730.4524711724948
2273,
2274,
2275,
2276,-2263.9190662177066
2277,-2223.3637861673224
2278,-1126.3908638708817
2279,-878.5100589257077
2280,
2281,-1055.8930620718293
2282,
2283,-948.6369440663495
2284,-2664.150637614185
2285,-2092.715110162351
2286,-1645.2669623035658
2287,-2256.5104149975227
2288,-1169.7045520075362
2289,-1220.2633353510428
2290,-1260.1785584561908
2291,-450.4387336293655
2292,-932.6852503602358
2293,-32.7897851773414
2294,
2295,-2138.2773603205883
2296,-1515.093094325211
2297,-559.216625683971
2298,-1349.7176670982772
2299,-2207.46822854083
2300,
2301,-2006.078895009468
2302,-2686.518723089708
2303,-1629.891450737663
2304,
2305,-2330.0096802422895
2306,-388.50619113076436
2307,
2308,-581.466327934269
2309,-1487.1233774723432
2310,-1236.9460861408063
2311,-349.6195509412182
2312,-588.7829293121307
2313,-2019.8787351632946
2314,-1944.0856000987578
2315,-1298.8796665126874
2316,-2134.298848749478
2317,-1220.5208322992567
2318,-937.6931198696648
2319,-6212.221338276088
2320,-1846.6642994477734
2321,-964.1097877122024
2322,-1785.465446111531
2323,-1409.127738919824
2324,-1364.48673978056
2325,-1807.0862473826442
2326,-3705.392971761972
2327,
2328,-3745.7853606988165
2329,
2330,
2331,-1382.28497515096
2332,-3568.6760434776397
2333,-2286.306498659107
2334,-1186.5813009050128
2335,-2357.914552972482
2336,-870.8851359947075
2337,-2060.217741072683
2338,-2194.9118189125443
2339,-2101.1734503019024
2340,-2828.87804331835
2341,-2450.583166885505
2342,-1803.6766207603855
2343,-4285.878990713847
2344,
2345,
2346,-1091.514027855892
2347,-1070.3872606029693
2348,-2422.878481780867
2349,
2350,-1278.094931013229
2351,-1352.6381382396785
2352,-1769.453310132239
2353,-2552.0655808994698
2354,-629.7422313957663
2355,-1528.2296054699445
2356,-2543.595729172603
2357,
2358,
2359,
2360,-1350.3385752228053
2361,-3131.0536992989987
2362,-1263.2351812298818
2363,-1562.150170881152
2364,-1178.699027181636
2365,-2364.781270948609
2366,-4224.882208230264
2367,-1108.9413172126706
2368,-1501.0331537125526
2369,-1624.8639321288474
2370,-1526.1336306853368
2371,
2372,-2112.041196304558
2373,-911.019155207825
2374,-2526.761801991696
2375,-1101.2506296719466
2376,-1466.5749243500263
2377,
2378,-1083.694733468411
2379,-125.6810270602706
2380,
2381,-1684.2092784391139
2382,-2509.4046279465247
2383,-1698.0554753856254
2384,
2385,-1350.5121287939742
2386,
2387,-1773.818787935414
2388,-2542.6302719144187
2389,-2977.897180951592
2390,-2142.51796678226
2391,-1012.6476584847483
2392,-3211.0114896636514
2393,-1949.5353373478288
2394,-842.2515704241716
2395,-1608.5012346969447
2396,-314.96097156908763
2397,-2987.2830616180186
2398,-2678.250391317237
2399,-1253.7033181330642
2400,-1548.3970881062344
2401,-1211.346429323399
2402,-1515.113433089968
2403,-451.0416217534139
2404,-2663.5685100028663
2405,-1294.100086155443
2406,-2378.0594590080354
2407,-985.8235798804858
2408,-2107.8250530624255
2409,-2788.832894858095
2410,
2411,-1131.5194767357789
2412,
2413,-331.141511738375
2414,-1660.1625556633217
2415,
2416,
2417,-1656.865558544086
2418,-1886.1477645361401
2419,-3008.6384334955105
2420,-1869.7046562352803
2421,-1247.8110427928027
2422,-3309.9520410968344
2423,-1754.5156425275832
2424,-2731.903066830804
2425,-632.5468987310182
2426,-1776.7693503274181
2427,-1313.6611602587036
2428,-1707.4821365417406
2429,-1173.2611191803658
2430,-1549.6900348075442
2431,-852.303283446272
2432,-1463.3732378430018
2433,-855.5739429248433
2434,-2155.040371862265
2435,-2390.677665566206
2436,-1552.3392557347706
2437,-1570.531050057195
2438,-1185.9073043070516
2439,-1699.3600943607494
2440,-2264.7830949872787
2441,
2442,-2740.2546627922347
2443,-2002.5978618878598
2444,-2822.1304564941256
2445,-819.624739928455
2446,-2824.3194869378003
2447,-1567.4582989258429
2448,
2449,-717.3090544868967
2450,-1686.901482973376
2451,-2826.369284275274
2452,-2769.7774857033614
2453,-1372.0385854235483
2454,-1359.445497058914
2455,-1625.9178511080572
2456,-1587.9958608228958
2457,-2262.0895833190825
2458,-915.3565483641903
2459,-1648.7164568078388
2460,
2461,-821.0316026968451
2462,-1846.3235921589267
2463,-1349.1303363557922
2464,-3566.541777988502
2465,
2466,-2058.9218653969197
2467,-2367.2392534803757
2468,
2469,-2193.292928205966
2470,-3273.8072934845013
2471,-1795.9077645806206
2472,-1986.3438759800906
2473,-1709.2013720525001
2474,-2557.195738578758
2475,-1491.302640508709
2476,-3042.35467694336
2477,-1642.0520630107908
2478,-728.9278400282341
2479,-1645.970808490642
2480,-2703.2857576759116
2481,-1616.3965869363324
2482,
2483,-2365.716412746165
2484,
2485,
2486,-1263.247608605638
2487,-1320.2764909098587
2488,-3258.8737510381115
2489,-997.7341341230758
2490,-4172.161319698389
2491,-2050.3287998049727
2492,-1327.8354650900346
2493,
2494,-1389.2134506258672
2495,-1633.0980108442868
2496,
2497,
2498,-1151.8403577963586
2499,-2109.0367538625237
2500,-1416.344427751846
2501,-1726.614674996455
2502,-1741.4959798129976
2503,-2222.2606387838787
2504,-1445.3565629378277
2505,-1923.125106290634
2506,-2145.6837875381584
2507,-2094.6579283366127
2508,-1349.5273670367765
2509,-746.0633548575083
2510,-3119.871086361304
2511,-1854.8609358755193
2512,-1493.2810066668635
2513,-1111.6012755321954
2514,
2515,-100.62955329039676
2516,-314.9308942292246
2517,-1001.1834736537903
2518,-2468.318651456217
2519,
2520,-342.34573810743746
2521,-1098.3666117387274
2522,
2523,-1100.2535715287127
2524,-2229.3050456323626
2525,-2496.5565711763356
2526,-1857.1954461131127
2527,-1506.464469412006
2528,-1924.6436081868446
2529,-374.625
2530,
2531,-1731.8731272054374
2532,
2533,-3844.053357162087
2534,-1405.7569453722776
2535,-1502.580169506803
2536,-1711.6927775044542
2537,-2612.2955179774767
2538,-2947.652596528321
2539,
2540,-902.5472752403671
2541,-2235.372315429729
2542,-869.8531126950534
2543,-1374.248568630066
2544,-1643.5219979357807
2545,-1900.4913819454464
2546,-1354.6979702027406
2547,-1816.1953740728272
2548,-620.9314404832544
2549,
2550,-1477.391922735157
2551,-945.7062526601856
2552,-411.05168520168354
2553,
2554,-3114.1974554194476
2555,-2275.3976742009395
2556,
2557,-1722.7314611772208
2558,
2559,-2871.8967509806557
2560,-2242.512065229467
2561,-3649.8185159304157
2562,-1305.4485310186992
2563,
2564,-2360.762500591403
2565,-2562.1601749725805
2566,-928.8983202188606
2567,-1292.8327291911255
2568,-580.19036054891
2569,-2896.0607800468806
2570,-2663.601814409603
2571,-857.8663811007536
2572,-2203.771139036897
2573,-1812.8588302185549
2574,-2284.5555667007893
2575,-1657.4763508036522
2576,
2577,
2578,-1712.4134288666814
2579,
2580,-1593.3037180931633
2581,-1451.303459171209
2582,-2193.0971141757527
2583,
2584,-3407.719773898795
2585,-1542.4906332169926
2586,
2587,-2921.3040085783678
2588,-508.1390820766526
2589,-2392.109273190858
2590,-1551.8742914731397
2591,-642.2092525540479
2592,-1966.0549054189569
2593,-1822.4945493093269
2594,-1199.4420648228306
2595,-3210.923866146871
2596,
2597,
2598,-1619.1359035985793
2599,-1262.8605127150404
2600,-1267.1268324457374
2601,-2633.2760459153124
2602,
2603,
2604,
2605,-1441.4270332745764
2606,-2120.393058514189
2607,-801.5173754774353
