,Time Error [s],Whole trip time
0,-885.4024087328294,674
1,,2225
2,-109.44627604787684,1062
3,-474.29190824357147,638
4,-1444.1109539330114,1414
5,-531.5452317798147,703
6,255.05820192578676,1586
7,-1087.8258793061455,1847
8,-672.4388689607517,1862
9,-568.3340165237221,678
10,-1134.02785191041,1348
11,-1121.3213829291344,1147
12,-357.44627604787684,814
13,-1027.3208274465107,864
14,-1964.0299902331026,743
15,-392.3708117163869,1010
16,-1503.1329002522302,1193
17,-436.0603168078594,711
18,-1015.1774350469291,1315
19,-298.99220610297175,929
20,-991.9953882019017,2091
21,-1111.573230767964,1171
22,-575.8896473290574,1955
23,-1378.8258793061455,1586
24,-1044.6645945122166,698
25,-111.58300937108947,954
26,-1686.196392152046,1046
27,-299.10683111874073,792
28,-1240.6992056287338,683
29,-1297.3169428692463,1280
30,-450.85870792281776,761
31,-902.1591595801056,1223
32,-1226.648958952604,818
33,-1266.6106115038397,1345
34,-1283.7827013057913,1189
35,-1125.1635370805882,771
36,-572.399233442211,733
37,-1066.5856535845337,1003
38,-323.1563210178397,868
39,-592.3562937360584,697
40,-1879.6971069823298,766
41,-1246.3486681159375,1222
42,-577.1792097808104,913
43,-869.9711770968602,778
44,574.8149813970285,1687
45,-507.81402736924724,807
46,-1240.6412074569607,1050
47,-787.3557196104348,1399
48,-688.5440226081323,703
49,-317.4246816953171,1662
50,-1443.860437714864,745
51,-616.1119540677091,889
52,-1135.5463185267663,1563
53,-100.93804554013605,938
54,-1208.600679629048,945
55,-361.85992159233047,2098
56,-679.1774350469291,1651
57,-476.4943850782281,681
58,-629.0663774770237,1484
59,-407.2141629617058,971
60,-417.44627604787684,754
61,-1110.20085287358,1515
62,-429.94627604787684,764
63,-530.9028146081951,1613
64,-839.6909160551213,984
65,-1783.28561535868,2091
66,-1176.5656486199,1420
67,-335.23042908931984,890
68,-388.96542585904194,1026
69,-1216.3110631510158,1248
70,-999.546859142715,832
71,-743.9569875585885,854
72,-853.0823763223409,641
73,-648.7557196104349,1305
74,-273.8037628678726,850
75,-446.16838127585356,626
76,-784.3155669899502,691
77,-1467.538868960753,1514
78,-128.1865298482619,1001
79,-933.9059076710873,1563
80,-144.18187774254784,988
81,-978.4529507756779,1442
82,-1181.3486681159375,1287
83,-491.38426394253565,591
84,-1240.1974020023808,1299
85,-269.3137982636265,1010
86,-1193.4143339588527,1382
87,-1285.0552652660308,763
88,-413.33513388021925,652
89,-1325.6397821415649,1193
90,-313.37762252928565,852
91,-635.2752766400918,659
92,-753.7194989547111,1878
93,,1176
94,-950.8313931536322,1641
95,-1251.5079002522302,1388
96,-314.94630856988124,744
97,-642.9866285705968,619
98,-258.5297207291301,818
99,-958.4486681159374,1422
100,-811.3047240997478,748
101,-648.7357388942899,1013
102,-1384.0208231639558,1084
103,336.93997335002837,1716
104,-181.22214989640452,1178
105,-222.0257654622842,1381
106,-484.39487632234113,901
107,-795.1933993190821,789
108,-949.562332296724,1369
109,-735.5011052056473,993
110,-731.891130537341,670
111,-235.0079618086197,740
112,,1646
113,-555.0600266499716,824
114,-1275.6397821415649,1243
115,-970.0092386639485,743
116,-695.2437217942897,1393
117,-990.8482760223014,1163
118,-616.3773306209469,629
119,-988.5267326524154,573
120,-1182.1809828663845,1774
121,-393.37733062094685,852
122,-388.6027608374932,736
123,-298.18501860297147,814
124,-1043.1635370805882,853
125,,1436
126,-405.02624255278215,724
127,-842.209834132118,1485
128,-1331.1974020023808,1208
129,-570.5929823891927,594
130,-546.9291657204917,752
131,-1418.0481015283672,1440
132,-418.69492274775484,675
133,-322.2141629617058,1080
134,-1159.8062719590207,1121
135,-719.3948763223411,666
136,-704.4499169015803,891
137,-1143.9680538291077,1246
138,-1519.196392152046,1232
139,-1027.689175669624,1480
140,-403.44627604787684,768
141,92.02569180117723,444
142,-652.4198263438448,818
143,-1111.8601775830743,1245
144,-314.9344404736612,1999
145,-1418.4858759622398,869
146,-542.6214376982036,766
147,-909.7903730940186,839
148,-1095.8367442658105,1999
149,-593.7455285034912,705
150,-265.10683111874073,826
151,-609.7844253685175,733
152,-378.86718488853785,971
153,-610.2242919681207,1440
154,-373.32896665573276,798
155,-316.0776225292857,878
156,-438.0256796290496,1433
157,-1019.3486681159375,1449
158,-278.04379259133566,1577
159,-350.59499373833955,838
160,506.28394135391613,1747
161,-503.1670352003732,693
162,-938.360533006386,1440
163,-557.3119568384966,799
164,-802.9711770968602,845
165,-735.1550882234333,1332
166,-1091.4957601258043,1499
167,-1251.689175669624,1286
168,74.36697899066348,2162
169,-934.743964283185,1331
170,-751.0995961496683,1778
171,-544.7357388942899,1117
172,-1271.9680754299848,741
173,-427.4170352003732,745
174,-476.34013671221487,662
175,-938.7511052056475,917
176,82.2407346667967,1413
177,-869.5989074108211,1342
178,-1240.7426219722047,828
179,-303.6780355902574,1967
180,-1021.6489589526041,1023
181,-420.33513388021925,645
182,-959.3388315265042,1580
183,-378.0776225292857,816
184,-362.52831308353325,725
185,-1370.6106115038397,1241
186,-616.3562937360584,673
187,-1171.144559540959,1778
188,-459.27858975354366,806
189,-508.8758745752839,745
190,-52.41982634384476,1418
191,-590.6214376982036,718
192,-608.3562937360584,681
193,-457.5349994902874,1200
194,-1193.4244054172386,1329
195,-1098.4920007346595,1062
196,-1106.0236309855402,609
197,-411.12143769820364,744
198,-901.3948915150497,665
199,-373.9291657204917,925
200,-994.3486681159375,1474
201,917.8283500043367,2121
202,-396.56471789424586,887
203,277.15918716516535,2125
204,1146.0876907848929,2212
205,-827.0823763223409,667
206,-539.8177194214263,671
207,-1952.0270311952208,2320
208,-533.0546043505165,1688
209,-1060.072875344652,1275
210,551.5886569685365,1654
211,-793.6040675062636,782
212,-1193.2701065980186,1260
213,-1065.2444914521348,1201
214,-682.8140273692472,648
215,-838.5738996933937,1320
216,-546.9680538291077,1843
217,-755.7699169015805,985
218,-1273.238436470413,623
219,-790.6388689607516,1771
220,-1004.4192122877412,1583
221,-664.1792097808104,826
222,-491.69492274775484,602
223,-895.4388689607517,1639
224,-1085.072875344652,1250
225,,1932
226,-1512.0481015283672,1346
227,-867.9885429070619,806
228,-1421.4100997639584,1096
229,-841.2346895831381,751
230,-529.1850186029715,583
231,-135.59190824357142,948
232,-529.6219446860546,722
233,-742.8482760223014,1411
234,-956.3062719590212,1161
235,89.40644607090056,156
236,-382.18329597192064,782
237,-458.44999368457707,607
238,-696.272880110329,1607
239,-620.9769395687131,2361
240,-355.0349437839618,1802
241,-1737.2471069823296,967
242,-1097.0221648598376,1103
243,91.02266937905347,1457
244,-1209.2852781841839,1192
245,-573.8185862941662,596
246,-1226.0963838615635,1302
247,-537.1937905327961,626
248,-1380.394643823503,1073
249,-979.3694194335292,676
250,-1096.1266938374597,772
251,-476.9592492325387,741
252,-625.2849816727719,707
253,-159.87733062094685,1038
254,-1784.2471069823296,920
255,-412.69492274775484,681
256,-576.0211319045243,746
257,-847.1374081231738,654
258,-932.453985877336,1707
259,-1522.1286754089392,1308
260,-1406.6266938374592,602
261,-1404.0321872003592,1117
262,-340.44627604787684,831
263,-388.2095128111139,823
264,-1090.0321872003592,1431
265,104.67103334426724,1276
266,-1565.9874803479465,1626
267,209.51726753205332,815
268,-513.6676007906681,1777
269,-1036.984514684716,1179
270,-1214.312605945971,1337
271,-663.8552119352685,886
272,308.2084998766093,580
273,-249.4328149680614,380
274,-944.0798591664443,1612
275,-777.3908303404596,1636
276,-1112.329328187417,1352
277,-123.68153199279232,540
278,-761.0963838615635,1767
279,-1278.797335216278,1240
280,-437.6219446860546,814
281,-270.64399728761373,862
282,-524.9788210528395,632
283,-1016.3855061288941,922
284,-1442.5960880153484,1204
285,-424.3845751411518,1062
286,-112.22587104822014,1156
287,-423.70076994571264,1034
288,-0.8444934283502334,1406
289,-286.14596381481454,400
290,-747.3674503704922,561
291,254.50169101996244,546
292,-124.43506643609987,372
293,-1308.4690965951722,1769
294,-163.0069966394932,476
295,-583.0280197883358,525
296,297.30307857133977,734
297,-411.6337488331976,359
298,-641.196434862891,562
299,69.44085756788525,490
300,-1607.5199266616914,1909
301,-455.69492274775484,654
302,-408.2095128111139,803
303,,2055
304,-703.1380337863716,1650
305,252.07995127613822,821
306,-439.3740229488592,450
307,-318.8018965213962,450
308,-135.74180763413767,492
309,-535.7523936332839,662
310,-398.7012544643917,519
311,-338.61006290488024,467
312,-481.79924115148856,1132
313,-1829.0720218958877,997
314,,1022
315,,1065
316,-410.4422846712014,1018
317,-354.3108150030048,1115
318,-677.0031238085198,1013
319,-104.78253271319636,1217
320,-1399.3652406980145,1698
321,-1309.4115266852477,1554
322,-1432.0763913047635,1474
323,481.0845323804281,1684
324,-89.56931267805987,423
325,-997.3429237659964,682
326,-49.56931267805987,463
327,-768.7676016516436,470
328,-236.055523241375,332
329,-682.1792097808104,808
330,-474.1670352003732,722
331,-394.6093591621527,1084
332,-543.3289666557328,628
333,-706.6337646815634,475
334,-18.031256397844288,361
335,24.872380247035892,441
336,-62.519748883909415,378
337,-220.47199908306152,352
338,-265.323232102729,329
339,-261.42411840424745,370
340,-207.63949532166055,331
341,-202.24687499450636,382
342,135.08654336850503,398
343,-1196.7784224879365,1623
344,-296.6410619831264,373
345,-863.995642780475,644
346,-95.14187400717333,388
347,-343.78327548285404,306
348,25.303078571339768,462
349,124.4847077041693,666
350,-1330.39798723099,1495
351,-390.69850101856434,367
352,142.67404187068223,1252
353,-747.6337646815634,434
354,267.02870109808674,536
355,-1534.1337930989284,611
356,367.65293824812966,623
357,-255.50876567893215,803
358,166.47419574047214,399
359,-1202.5223434912205,1368
360,-38.28019215387121,396
361,-998.0069743947786,317
362,-143.21779771033067,344
363,-1793.9443171592834,1952
364,-1492.2748147615252,368
365,-317.8445092696818,316
366,-1234.0521825261453,380
367,544.9449026455521,1125
368,-93.50366803841843,348
369,162.26500493116976,813
370,-593.4528611515402,391
371,-115.92467601915928,345
372,-70.42958434825755,1420
373,-641.7013586674398,457
374,-246.6498405133035,465
375,-0.7161250610403158,441
376,-1086.816841323993,478
377,-844.0297842284633,483
378,-687.6925712068305,388
379,-155.75134494872532,321
380,-957.0262354673141,324
381,1029.9632580817893,2051
382,-1474.0131598610585,372
383,-153.3642425900378,246
384,-108.43366751274357,411
385,-539.501728160551,411
386,-1569.8030764891387,430
387,-257.5534822606742,359
388,-1013.9766290379728,320
389,-1065.2024806644656,379
390,-303.53391630956685,273
391,-376.49383703403976,339
392,-577.9806868170567,324
393,-1046.1684040440548,345
394,-256.2546067406681,414
395,-888.4218163571286,399
396,-292.5352842298846,293
397,-547.1378377197827,384
398,-748.616771593164,375
399,-1362.5576663328561,1710
400,-1139.6468086828706,342
401,-663.1318299996733,435
402,-1268.3078508693352,2149
403,-568.2080510735124,379
404,-756.7013586674398,342
405,-421.2029090392791,373
406,-425.0254192342911,314
407,583.943391235644,992
408,-900.3600224407483,389
409,-110.08467828205863,394
410,-38.72413135986858,371
411,-1253.7310252808056,2349
412,-667.5606925747998,382
413,-59.21293709587832,262
414,-67.16811128921819,394
415,-23.187790301250914,349
416,-478.41624494616576,549
417,-121.22054526125282,746
418,87.55236882266598,410
419,-30.696850850849955,377
420,-648.6873855552291,363
421,-568.6468086828706,913
422,-33.77087356502193,381
423,-1290.0366431926354,1783
424,-1142.5213470666527,410
425,-676.233272253467,411
426,-1195.5646274343082,432
427,-960.3708648355469,374
428,-549.9070806847187,340
429,-1741.2527648801379,1551
430,-1287.6776215970658,2039
431,-97.94464667103716,421
432,-525.3528611515403,300
433,5.63946977359592,352
434,-871.6262251641022,332
435,-899.071808682871,300
436,-284.0531140536149,270
437,-170.50366803841843,299
438,-320.6516455474309,327
439,-962.5073517067854,287
440,91.6601869499408,553
441,-98.0371380045309,287
442,-496.3579187800433,301
443,-610.0439815160464,684
444,65.26015578631439,338
445,-694.1660394521014,993
446,-94.11761699359727,418
447,-385.83901859851085,389
448,-115.78019215387121,285
449,-891.6899148877574,469
450,-121.8391860483705,1774
451,-581.6873855552291,430
452,-739.4011927683159,375
453,-1461.2030764891388,454
454,-1093.519321529389,362
455,-743.1318299996733,355
456,-12.857108549142936,385
457,-1005.340519478741,348
458,-1006.0969754726264,329
459,-1162.8142561944833,1562
460,-152.8825512014455,388
461,-290.3909538068151,742
462,81.34372508686226,535
463,-464.363635811016,282
464,166.5575279244082,577
465,-94.47486543544568,295
466,-254.12492799017883,257
467,-561.4371546071259,285
468,-1552.0748147615252,340
469,-422.2497693150391,406
470,-405.8579187800433,368
471,-833.6142033847409,358
472,-675.3624276422399,694
473,-89.47486543544568,300
474,323.583698286897,705
475,-1037.3634048210395,833
476,51.34603373417454,259
477,-616.0582213719093,305
478,-1056.5781084075848,286
479,-1039.36242764224,330
480,-65.29480697114809,370
481,-309.3413654050805,584
482,-754.4534608854535,358
483,-393.59397807477603,455
484,-954.5768435562175,389
485,-2508.5386885605376,1884
486,-2605.6513965847525,1725
487,-2398.2844387953887,1517
488,-1854.37463487382,1712
489,-2090.3635472010683,2025
490,-1497.8168116706156,1717
491,-2443.1363461905594,1563
492,-2166.9899797911226,1491
493,-2059.893201321024,1870
494,-2299.2788741353907,1577
495,-2229.3174856186283,1632
496,-2598.4858926634442,1906
497,42.77506954283649,1519
498,-677.9156113660824,2248
499,-2792.033366793791,1924
500,-1021.4143137559076,2192
501,-2505.7940875880695,1582
502,-1971.5311052809234,1850
503,-2215.2788741353907,1648
504,-2276.436533837924,1454
505,-1817.3342118604028,1728
506,-2612.804030657695,1797
507,-2523.332828355781,1649
508,-1961.3511054620553,1768
509,-2458.1489313147217,1437
510,-2308.107136577703,1377
511,-2541.360122858083,1591
512,-1419.3264281733755,2299
513,-2991.0643533253033,1499
514,-1657.1793828578652,1728
515,-2195.5041264955507,2038
516,-2503.497276978399,1523
517,-1740.0638553839344,1579
518,-995.1571524218198,1493
519,-1738.7085263323988,1761
520,-1299.2769664475072,1102
521,-2078.837906985936,1669
522,-1841.8888869389411,2070
523,-553.7316818521751,826
524,-1262.1102192352791,2183
525,-2275.9032267234866,1764
526,-1770.4622391866687,1598
527,-2114.5223987849995,2141
528,-579.0493913391551,2345
529,-856.4325139477878,2034
530,-2195.2431344505167,1863
531,-2364.9069628587486,1969
532,-2095.6413219615806,2040
533,-2254.37817419184,1406
534,-2338.7196795238924,1824
535,-2877.0601228580827,1493
536,64.68085946766291,1313
537,-1164.1899852465017,2387
538,-2687.0601228580827,1683
539,-19.44546615793186,117
540,-1971.980552689738,2256
541,-1222.694147482855,1560
542,-1760.417954063411,1999
543,-1694.1899852465017,1877
544,-2389.82610690853,1757
545,-388.7316291071861,2347
546,-2106.5580213842118,1744
547,-2004.2844387953887,1911
548,-1637.9899797911226,2020
549,-2121.604116085671,2148
550,-2184.2844387953887,1731
551,-2159.0191067631645,1827
552,-1216.37463487382,2350
553,-723.2052606849643,2102
554,-1538.1793828578652,1847
555,-1803.793224343231,1469
556,-417.75220433301024,960
557,-1447.5746341567124,2121
558,-1999.5305348431016,1847
559,-1632.742348071668,1937
560,-334.4963982217091,2333
561,-2306.2788741353907,1577
562,-2126.5305348431016,1720
563,-295.03450560477404,2342
564,-2577.0719772655057,1702
565,-324.60936445932157,2301
566,-2582.0601228580827,1788
567,-799.8535769524833,1966
568,-2366.2227415955913,1753
569,-1495.0474676686117,2249
570,-1194.7719980577087,679
571,-190.5575765094493,1146
572,-2104.9746552949136,2062
573,-1680.8210725025065,1989
574,-883.7730233459602,398
575,-650.1316087935993,793
576,925.4585465688261,1508
577,-9.183428907747157,422
578,-735.4444959804121,644
579,-511.71754814755946,392
580,265.5542834196357,452
581,274.9484137914251,411
582,-71.95274362212058,1871
583,482.19100607436746,959
584,-1044.087538810491,386
585,-214.54678294501423,319
586,245.25177043513906,553
587,788.8424000968041,1985
588,99.25177043513906,381
589,-470.089735503529,465
590,309.5700473229739,782
591,-734.2583708126131,505
592,-446.51611023906275,788
593,-594.9783124055328,377
594,-76.59609991907223,565
595,-2097.930328994766,1817
596,150.4871794871795,222
597,-0.12447898313473615,458
598,219.68077192497464,354
599,-171.69162890819348,1179
600,-512.4917837323351,680
601,-642.6619774831618,687
602,-446.6458359046313,472
603,-854.9127711231645,463
604,-666.2802722095162,491
605,85.32636831424031,393
606,58.700970763717066,402
607,-615.9783124055328,356
608,138.58863665094358,357
609,-546.202564542285,450
610,688.8165710922528,1120
611,549.7363243466039,705
612,319.2730886666069,469
613,-332.057892540612,470
614,-1105.9152685808197,377
615,-307.87181619076443,677
616,290.12630297908254,1260
617,-148.2139182625798,566
618,199.73991911784574,409
619,-175.5496387399454,403
620,-399.2758551373579,462
621,50.00765095582477,382
622,404.67263169831347,837
623,-639.9622142796893,358
624,-18.471182411527252,641
625,-303.219115792088,577
626,20.318468007207798,519
627,-302.75302062492244,346
628,-930.0667837323347,545
629,-498.1282264471747,497
630,-3.6964751138630163,310
631,-279.47098947747133,507
632,1168.0256918011773,1520
633,-1422.6135996301955,1631
634,-702.4108978756183,292
635,352.24834291760976,1203
636,-1341.1343454063685,1925
637,-661.8247681808361,467
638,423.6465030568962,944
639,-376.93545873078597,796
640,-441.31464396110334,494
641,-75.32736830168653,357
642,-771.2857255417507,1380
643,-880.1022938851434,2308
644,-968.09058848672,675
645,130.244531417311,346
646,86.22661195069273,342
647,-109.7188019160223,343
648,84.22661195069273,340
649,-445.4712782806855,487
650,-342.4141342339053,277
651,25.39303498090692,366
652,64.0152538837707,314
653,-594.6056695244977,591
654,3.7468060916105514,538
655,66.01634540986362,430
656,-1242.3229866718557,1790
657,-127.4107016350199,260
658,95.4866850494314,357
659,1233.0318184691255,1357
660,-457.0579902752439,430
661,-663.5387389005405,388
662,-91.52783482801885,275
663,-1364.8142723718374,1950
664,-642.2160670865296,1006
665,-9.710657583629938,403
666,-798.6735661144735,409
667,-619.721992592004,357
668,272.3930349809069,583
669,-77.38546858268899,298
670,-1124.4089164006662,402
671,-869.1086076212221,415
672,-350.7386050133588,381
673,-601.986639938259,792
674,53.794273978697504,538
675,-768.6576382118803,404
676,-188.8090514155333,439
677,1302.9881769022609,1748
678,673.5731404063612,1054
679,-620.4291012032988,504
680,269.7247393567717,1288
681,2.6660561494248327,267
682,-1833.4904520418268,1844
683,102.44921980336176,662
684,-74.72734776749843,253
685,-15.410701635019905,372
686,-119.47777678695331,328
687,-362.65271390821954,290
688,55.18361900037348,309
689,107.55195475329322,391
690,84.01790251347049,307
691,-84.42995267702611,388
692,-470.69738282536696,451
693,-366.22961649664626,450
694,455.9754660259065,584
695,-513.4606304577876,1015
696,195.55428341963565,382
697,-159.95946111536227,410
698,18.02820239769676,362
699,-272.8201296320368,435
700,-572.1494306359334,621
701,-11.673631685759688,296
702,-181.8145407029109,594
703,176.55428341963565,363
704,-429.7386050133588,302
705,37.39303498090692,348
706,-1347.6135996301955,1706
707,-477.86990425064596,554
708,-526.1494306359334,667
709,130.85165521846835,293
710,-337.11923120895165,379
711,-300.03169559641606,470
712,-258.93221096142327,295
713,37.06512327497259,267
714,2179.2301636202933,2307
715,-1653.3937769182444,561
716,-620.2124131061901,1996
717,-1183.5494584650098,466
718,-1193.4089164006662,333
719,1393.7744219934991,1479
720,396.60484836042974,532
721,-211.11388094635618,969
722,-1368.9821097279587,2388
723,-292.39495048428114,394
724,257.63247150949917,481
725,400.8708065270612,1832
726,-1221.9697934601709,417
727,53.32636831424031,361
728,-502.8962831633129,265
729,25.01790251347049,248
730,285.4282043425369,411
731,-751.5137389005404,491
732,-121.71065758362994,291
733,-1374.352714672059,1949
734,-887.3602433139388,643
735,88.77863346945696,526
736,1032.2730886666068,1339
737,-821.7238464115865,632
738,156.15176223429705,718
739,42.18361900037348,296
740,48.87380073180253,308
741,-137.18342890774716,294
742,86.19007768247133,393
743,-213.2667190571758,429
744,-1152.1292540773347,387
745,-417.6031690625922,468
746,-15.060681100831744,361
747,83.20541011965281,347
748,-1230.904591277323,773
749,203.6286763914227,1007
750,-60.021895612326944,371
751,-582.3530385835443,392
752,-673.8247681808361,455
753,950.7500308207868,2047
754,19.39303498090692,360
755,-780.8097915321193,468
756,-374.50182255900563,426
757,-1107.4715363870878,809
758,-14.563995924871733,373
759,-142.27549273990138,284
760,-1212.823868337788,384
761,-1524.107767835324,841
762,476.23997751546295,796
763,447.614531417311,823
764,-394.3713236085773,409
765,-34.288242607734446,337
766,-318.09627120375626,406
767,-1166.9829961277128,563
768,-739.2894435723961,530
769,-499.4121984669325,215
770,-198.16016645882797,270
771,-171.32736830168653,261
772,-409.83340150637366,469
773,-413.4291100930277,675
774,66.35463551989812,595
775,-1423.6230515386028,485
776,28.067193556185373,377
777,-226.36375286925852,381
778,-400.6895407029109,357
779,1787.7622261749725,2157
780,-705.6597915321192,319
781,-379.3962831633129,428
782,-2005.983957590246,1624
783,-319.62955316340367,267
784,-310.97451784452915,279
785,-17.490083967304372,360
786,36.835389897696814,265
787,13.899720695288693,315
788,299.9754660259065,428
789,-311.14371752165493,347
790,-69.02189561232694,362
791,-91.5626204272366,281
792,-194.62178312826495,330
793,262.00144274368955,379
794,-120.18342890774716,311
795,206.4533164399462,997
796,-117.18692500994553,457
797,-119.52966935968061,424
798,-109.38546858268899,266
799,-197.32736830168653,235
800,55.835389897696814,284
801,-491.62485716349966,302
802,-166.59609991907223,475
803,329.23997751546295,649
804,-61.5582158126478,374
805,-1101.842614297236,400
806,-1215.5158834291274,400
807,210.2087236353127,383
808,-138.5063392237172,504
809,-206.52189561232694,304
810,-491.8680830915954,331
811,-40.45324277621512,523
812,-916.196434862891,287
813,-1366.3136786024966,1959
814,52.404059389338954,317
815,133.88173623228326,288
816,-654.202564542285,342
817,-201.58422948879263,457
818,-55.02678909512872,545
819,-197.03623468313685,490
820,881.0638027955391,1489
821,-665.7038867294,595
822,-354.610728253469,493
823,-371.7658171249036,415
824,-1687.6334942582007,784
825,-1098.1293204015285,544
826,-282.0505494526159,430
827,-29.95828091840673,461
828,-267.9711265775245,1693
829,-201.3884276366905,419
830,-145.0634461731736,550
831,-187.65039173758373,534
832,,1921
833,-290.64055849787917,527
834,-758.8705866222506,457
835,-224.28014038942035,470
836,-251.98017418188033,420
837,-498.07849941365544,581
838,-781.4432946896868,524
839,-666.8142598261677,604
840,60.44912762360548,593
841,37.75348159622047,859
842,-238.95997107533992,399
843,-300.83712871388616,385
844,-646.8605306636978,436
845,-625.4456500827648,434
846,-305.77324819693763,678
847,-289.09194227437627,382
848,-374.1749549643939,355
849,-234.52768472274522,589
850,-91.49978141027657,500
851,-440.53044256204737,531
852,-527.4975034798204,1981
853,-344.11719439403817,530
854,-67.82585108715784,536
855,-55.371623837660195,479
856,-448.08282107188506,593
857,-443.644927134879,570
858,249.70203084863851,1114
859,49.721029788695205,559
860,-710.8142598261677,560
861,-568.4016089330389,564
862,-159.3236259482445,547
863,-241.95997107533992,396
864,-296.3801616344041,492
865,-671.9178665034553,500
866,-474.46465413760643,454
867,-610.7977033543771,456
868,33.019414743101606,625
869,399.3966386715316,1133
870,-508.07410074738766,339
871,-380.7658171249036,406
872,536.6343916922907,1134
873,34.68273708232937,799
874,-942.1134701541382,520
875,-218.17684897834306,504
876,-213.46478804658273,492
877,-127.39458916350986,567
878,-44.933821146675314,586
879,-51.86912686125663,465
880,-164.65532934561293,492
881,-330.24651840377953,491
882,-560.0215703650017,685
883,1012.2581923658623,1640
884,-756.593181299259,740
885,-1124.8800587305402,510
886,-226.49477678911308,664
887,-76.71109014392948,587
888,-1093.5001990805565,482
889,-132.0783171249036,532
890,-739.3582030009438,495
891,-364.9734595019959,448
892,-273.5550316324084,402
893,-340.3340985820514,1000
894,-459.2317169834366,829
895,-4.609355415950063,595
896,-166.95997107533992,471
897,-234.17361484688456,415
898,241.41157236330946,889
899,-824.0771275629852,545
900,26.31496266268482,1294
901,-1448.8252297177646,434
902,-1034.5207923289875,436
903,-1147.8412209460473,634
904,108.15082937850366,1320
905,243.04002892466008,881
906,-1108.4107872547163,578
907,221.31641697333794,1541
908,-185.73776270681913,527
909,-232.76283967916413,453
910,-585.0081463806217,398
911,-1642.1547834783978,613
912,-845.4394558906208,572
913,-745.845037337315,411
914,-111.23099109730424,404
915,-17.637133013080415,568
916,428.2613629587071,1091
917,-16.981649247867722,527
918,-645.026974325697,505
919,2.916967071254817,635
920,-439.8183981197408,515
921,-231.65039173758373,490
922,-166.3801485372494,377
923,-325.9710825525185,382
924,-290.0661899168888,397
925,-218.25082165029687,448
926,-252.8252881031441,478
927,-916.3035272528682,438
928,12.881138701551095,565
929,-183.3494032099676,450
930,-627.7589829255901,466
931,9.359772586070562,580
932,-598.3453051898425,738
933,-269.610728253469,578
934,-194.95997107533992,443
935,-460.7842254428143,419
936,-696.4065237178693,468
937,-167.016101941501,507
938,-339.07773585300004,491
939,-311.7707693055156,429
940,-62.980585256898394,529
941,174.36286698691958,760
942,-0.025108100874263073,555
943,-528.3224452709369,530
944,-507.5282342426965,468
945,-780.4527884703236,464
946,577.8085595432756,1729
947,-207.95997107533992,430
948,-45.16815390892032,439
949,-89.17224573871272,492
950,-120.42321608812682,379
951,-835.6850373373152,432
952,-265.1396792001799,456
953,-639.5218244801645,508
954,-154.93236858007003,577
955,-711.3317395545871,509
956,-255.6033613284684,478
957,-115.40791051528151,444
958,-73.98940548240438,429
959,-69.65532934561293,587
960,87.82156751167929,675
961,-292.2097003929713,506
962,-122.40031621123069,711
963,-233.83712871388616,452
964,-498.5797515403681,848
965,108.72505869570148,917
966,-205.27328207842868,500
967,-125.58331901641384,600
968,-457.44583924240874,450
969,-1413.7350780432728,574
970,-1865.9790687410846,556
971,6.916967071254817,639
972,-1685.6952405531788,910
973,-1628.5497027337415,1011
974,-2194.69992066374,1033
975,-1216.8040275131038,1038
976,-1412.3341245624383,981
977,-1146.1641802859995,1103
978,-1420.84174791355,996
979,-1640.5664246337496,919
980,-1156.7475733783112,1039
981,-1206.028884399871,1052
982,-977.0068283621156,1056
983,-1465.7694196522243,1131
984,-1053.798949359567,916
985,-1711.4057832885878,949
986,-1500.7251579595709,1114
987,-1559.3386540946572,1004
988,-969.3675612580362,1036
989,-1086.8644053402527,961
990,-1211.323910386673,1001
991,-691.1577355898019,1251
992,-985.4074816938769,1184
993,-867.073204656034,1139
994,-1205.3408636723761,1289
995,-504.94757337831106,1661
996,-929.1208129390607,1375
997,-962.5933433946971,1145
998,-1064.480182073963,1042
999,-1461.5682156416215,1175
1000,-1156.460986006276,1007
1001,-1208.6529176135355,1166
1002,-1719.5789019498884,1065
1003,-1384.312605945971,1167
1004,-1254.8227314213482,1215
1005,-1508.4334535128796,1166
1006,-1034.0808936366761,1207
1007,-464.7375861387459,1875
1008,234.9219300026689,2288
1009,-1308.375838822641,1045
1010,-1241.403854228257,1226
1011,-998.1612089267583,1026
1012,-1427.5664246337496,1132
1013,-1269.12550362322,1261
1014,-1336.84174791355,1080
1015,-704.1993916615074,1565
1016,-613.986810353784,1300
1017,-1255.4778683547393,1042
1018,-1408.1580828832602,859
1019,-1326.2500978156468,975
1020,-1751.245568616555,1003
1021,-1873.5095258893875,919
1022,-894.5469355613009,1348
1023,-1151.7438086025586,1030
1024,-1351.193215641622,1100
1025,-1677.2499545814671,1013
1026,-871.1050119249985,1112
1027,-1197.034989632094,1213
1028,-1451.376471724131,822
1029,-1338.5664246337496,1221
1030,-1061.4711211724743,1319
1031,-1402.193215641622,1049
1032,-1382.9830913004162,1020
1033,-1779.7391166219213,910
1034,-1020.0780699973313,1009
1035,-1617.3182031453152,977
1036,-1502.336477707464,1056
1037,-1627.403854228257,840
1038,-951.073204656034,1055
1039,-1189.3858534223527,1074
1040,-1356.5960880153484,1290
1041,-978.6545414298416,1155
1042,-1000.2398316372419,1073
1043,-1275.3310735986329,991
1044,-1182.693045139767,1207
1045,-1066.1768515631434,1077
1046,-1261.7391166219213,1428
1047,-584.9170364735041,1530
1048,-986.2687677220083,1275
1049,-1555.0468167906129,1108
1050,-1043.697382794488,979
1051,-1496.84174791355,920
1052,-636.3852655297562,1269
1053,-1139.407481693877,1030
1054,-1022.5239673341962,1128
1055,-886.073204656034,1120
1056,-1245.4895959240757,955
1057,-1546.994257918087,1146
1058,-1323.519186755686,1003
1059,-1419.8227314213482,1050
1060,-1505.9583924056774,1111
1061,-1639.7391166219213,1050
1062,-1394.7134834572794,1234
1063,-1381.039116621921,1071
1064,-1133.403854228257,1334
1065,-1309.952846511992,968
1066,-1100.7438086025586,1081
1067,-950.084805790789,1080
1068,-1131.312605945971,1420
1069,-1495.556273421963,1141
1070,-1476.120187901468,1021
1071,-1493.4057832885878,1167
1072,-789.232984569893,1177
1073,-1172.6578348027797,1208
1074,-435.10704466754373,1420
1075,-1453.637144940883,1077
1076,-1092.0714035647916,911
1077,-1063.1480682835486,1294
1078,-1101.8856053418722,1275
1079,-2030.7963974834806,1144
1080,-953.3853535627914,2010
1081,-1457.994257918087,1235
1082,-1271.7533553608473,1206
1083,-1194.8227314213482,1275
1084,-929.5850065104241,1269
1085,-1095.1768515631434,1048
1086,-951.2095286069389,1215
1087,-912.084920311202,1358
1088,-1375.8072190930015,1038
1089,-833.3889794658505,1152
1090,-862.1612089267583,1162
1091,-1717.5960880153484,929
1092,-1211.7899936099798,1087
1093,-1231.3943193396094,1118
1094,-1204.034989632094,1206
1095,-1127.375838822641,1226
1096,-1253.4782261100972,1303
1097,-922.4801820739631,1184
1098,-900.2398316372419,1173
1099,-1056.8054998256907,1141
1100,-1410.120187901468,1087
1101,-963.1577355898019,1054
1102,-1549.0221840423746,1145
1103,-1497.0468167906129,1166
1104,-1044.028884399871,1214
1105,-1076.6618362162035,1351
1106,-973.589115232402,1466
1107,-872.9099297317325,1321
1108,-866.673532311379,1203
1109,-1231.4182536445355,1067
1110,-1166.9099297317325,1027
1111,-1643.0221840423746,1051
1112,-1450.84174791355,966
1113,-1372.1130931332837,1126
1114,-875.257185838042,1048
1115,-1409.8704195796577,1250
1116,-1349.762421200268,1032
1117,-1094.5024560044326,1090
1118,-1089.858820735692,1060
1119,-930.0332703647832,1264
1120,-1034.6781973178104,1169
1121,-985.3070374288577,1128
1122,-920.4049930742544,1054
1123,-1293.1696024040143,1132
1124,-1207.6529176135355,1167
1125,-963.2463911159541,1025
1126,-1572.120187901468,925
1127,-1355.7513028499202,987
1128,-1613.6711211724737,1051
1129,-1334.2244858073132,1057
1130,-869.4767722460508,1043
1131,-1462.8362690706822,1121
1132,-1107.6781973178104,1096
1133,-1387.6004349802965,1209
1134,-1478.4782261100972,1078
1135,-1181.530682975973,1255
1136,-1041.3673339448537,1510
1137,-928.2407786077529,1158
1138,-853.257185838042,1070
1139,-1300.2112690706822,1229
1140,-738.7989493595669,1231
1141,-1290.812605945971,1064
1142,-1583.7391166219213,1106
1143,-1045.9099297317325,1121
1144,-2372.9803733185204,1043
1145,-993.7294340765393,959
1146,-1353.1760836891644,1214
1147,-1073.5850065104241,1125
1148,-963.5933433946971,1144
1149,-1162.2687677220083,1066
1150,-828.1768515631434,1315
1151,-1105.2095286069389,1061
1152,-1166.5494583953227,1252
1153,-842.4845154180409,1158
1154,-928.1050119249985,1055
1155,-1108.5024560044326,1076
1156,-1212.245568616555,1542
1157,-974.2095286069389,1192
1158,-1046.1530572358852,1218
1159,-1119.763670081919,1073
1160,-1571.7531961686968,1056
1161,-1304.530682975973,1132
1162,-1662.4850407246095,1165
1163,-1655.0424212002677,1373
1164,-1410.4068455908841,1192
1165,-1153.2687677220083,1108
1166,-1442.8227314213482,1027
1167,-1389.8227314213482,1080
1168,-977.3855061288941,961
1169,-1245.4068455908841,1357
1170,-852.8718806974673,1054
1171,-1319.1760836891644,1152
1172,-1622.619936581676,1448
1173,-938.984514684716,1277
1174,-1250.0412469883322,1225
1175,-1064.4294213486833,1222
1176,-997.8307832258843,1174
1177,-1641.5095258893875,1151
1178,-1151.1208129390607,1153
1179,-887.6578348027797,1528
1180,-1039.2500978156468,1297
1181,-1128.9131702901468,1123
1182,-1303.120187901468,1194
1183,-1546.387579205816,1040
1184,-1471.2112690706822,1058
1185,-804.6714502700693,1280
1186,-962.4145233547529,1343
1187,-1378.0029383500428,1102
1188,-966.9490810240509,1180
1189,-1217.30366454276,1004
1190,-1481.7251579595709,1133
1191,-1033.518019173035,1055
1192,-1103.0332703647832,1091
1193,-963.0832334016209,1115
1194,-1161.8307832258843,1010
1195,-1026.3286937943592,950
1196,-1447.2112690706822,1082
1197,-1245.4778683547393,1052
1198,-1371.530682975973,1065
1199,-1564.6165757179283,1045
1200,-1234.7723718530492,1217
1201,85.82610504195992,175
1202,-1142.626471724131,1046
1203,-1462.1581095133947,956
1204,-918.5024560044326,1266
1205,-1078.0332703647832,1116
1206,-152.53068297597292,2284
1207,-1359.5416491131318,1241
1208,-1326.6819267894193,1024
1209,-1272.936409746907,980
1210,-971.0780699973313,1058
1211,-1124.673532311379,916
1212,-1145.1530572358852,1119
1213,-1493.1575013559072,1041
1214,-1040.323910386673,1172
1215,-134.09242567744968,2325
1216,-1051.994257918087,1641
1217,-1281.2244858073132,1110
1218,-730.637144940883,1800
1219,-1508.7391166219213,1181
1220,-1292.0363766916394,1340
1221,-860.697382794488,1162
1222,-1010.4801820739631,1096
1223,-556.7457897121276,1493
1224,-1254.034989632094,1156
1225,-629.9310735986328,1570
1226,-1155.9378807308985,1293
1227,-201.7457897121276,1848
1228,-1455.587579205816,1101
1229,-582.9542123877377,1477
1230,-1218.9131702901468,1033
1231,-937.3622177332045,1351
1232,-1251.1208129390607,1053
1233,-765.9378807308985,1683
1234,-793.1545414298416,1371
1235,-1858.6453752091948,1314
1236,-1287.587579205816,1269
1237,-517.7391166219213,2172
1238,-1026.8761952736054,1110
1239,-1151.6529176135355,1223
1240,-1060.903854228257,1210
1241,-1360.2244858073132,1031
1242,-803.5180191730351,1250
1243,-1408.762421200268,973
1244,-1255.9230110922713,1336
1245,-961.1768515631434,1182
1246,-1153.3359776802386,980
1247,-1283.735874175978,1521
1248,-495.3889794658505,1490
1249,-1112.858820735692,1037
1250,-1476.2112690706822,1053
1251,-624.0060605191256,2100
1252,-1126.4711211724743,1219
1253,-1410.120187901468,1087
1254,-858.0780699973313,1171
1255,-989.4801820739631,1117
1256,-43.67819731781037,2160
1257,-1329.034989632094,1081
1258,-1024.4778683547393,1273
1259,-1377.3943193396094,972
1260,-1024.6030126867918,1151
1261,-1488.4057832885878,1172
1262,-1100.3858534223527,1163
1263,-1483.6711211724737,1216
1264,-868.3889794658505,1117
1265,-1330.637144940883,1200
1266,-1671.6711211724737,993
1267,-651.0759895550705,1650
1268,-1551.4057832885878,1109
1269,40.993171637884416,2074
1270,-2869.8561974018203,1352
1271,-1476.120187901468,1021
1272,-1563.7694196522243,1033
1273,-975.3036645427601,1246
1274,-1468.6711211724737,1231
1275,-939.9152211322103,1113
1276,162.32854972993073,2247
1277,-239.7081495422956,1719
1278,-1577.5960880153484,1069
1279,-1102.947573378311,1063
1280,-1194.084920311202,1076
1281,-868.257185838042,1055
1282,-1287.3943193396094,1062
1283,-486.6208790544042,1601
1284,-1206.0233014650212,1083
1285,-1364.12550362322,1166
1286,-1364.84174791355,1079
1287,-959.3852655297562,946
1288,-1563.7694196522243,1033
1289,-867.6714502700693,1217
1290,-889.4999416093078,1097
1291,-1352.4149936099798,1070
1292,-1149.8856053418722,1227
1293,-926.41352215605,1611
1294,-1659.3687746417609,987
1295,-1151.0332703647832,1043
1296,-914.7081495422956,1079
1297,-960.7457897121276,1089
1298,-1708.7391166219213,981
1299,-1470.3182031453152,1124
1300,-1226.30366454276,995
1301,-824.0996512365596,1079
1302,-706.986810353784,1207
1303,-1659.4754340233853,1247
1304,-1351.6529176135355,1023
1305,-1356.6529176135355,1018
1306,-1035.1050119249985,978
1307,-713.4049930742544,1261
1308,-1650.8014797511491,1115
1309,-1523.042421200268,1035
1310,-1236.7563444256061,995
1311,-1569.9656277050904,1157
1312,-925.7081495422956,1068
1313,-1031.6578348027797,1349
1314,-1642.2718751312873,1273
1315,-1026.8307832258843,1145
1316,-1161.6781973178104,1042
1317,-952.3889794658505,1033
1318,-1388.4068455908841,1214
1319,-1463.387579205816,1123
1320,-1381.0412469883322,1094
1321,-1314.1045312481606,1207
1322,-1539.6761913751566,1005
1323,-471.8417479135501,1945
1324,-1199.947573378311,966
1325,-986.0714035647916,1017
1326,-987.3230002587638,1173
1327,-1064.7967164529841,1013
1328,-1602.9230110922713,989
1329,-1162.3622177332045,1126
1330,-1309.3061373254145,966
1331,-1175.028884399871,1083
1332,-1143.519186755686,1183
1333,-1235.7513028499202,1107
1334,-1200.6310501965995,988
1335,-953.7608534223518,1182
1336,-1244.8227314213482,1225
1337,-1516.6761913751566,1028
1338,-388.7134834572794,2240
1339,-1366.5428580418234,1115
1340,-916.9230002587638,1175
1341,-995.0714035647916,1008
1342,-672.8865199810359,1216
1343,-817.5314350818526,1305
1344,-1536.587579205816,1020
1345,-1131.12550362322,1399
1346,-1153.936409746907,1099
1347,-1501.5960880153484,1145
1348,-1165.2694130438476,1054
1349,-1163.952846511992,1114
1350,-1037.7475733783112,1158
1351,62.025482155470854,652
1352,1.8018008185552787,257
1353,54.39303498090692,365
1354,-786.7816100121156,306
1355,-133.6832158126478,334
1356,-791.1283238436918,524
1357,-804.2006220443673,300
1358,-115.52447898313471,572
1359,-427.55146340053557,866
1360,-213.41413423390532,406
1361,-339.752340430274,461
1362,311.4106486562166,869
1363,-79.06157666805848,319
1364,-34.72189561232693,323
1365,204.83983354117203,673
1366,-1181.9829961277128,548
1367,135.30530712945108,430
1368,-35.22136653054304,402
1369,-159.45324277621512,404
1370,-91.33692020989253,395
1371,-384.31433810479484,460
1372,-1760.4391644899206,1973
1373,10.857051756094108,415
1374,126.0118531913476,307
1375,-267.5496387399454,311
1376,-54.21911579208802,826
1377,-523.2100684730259,483
1378,58.23205175609411,522
1379,-241.82812765943265,261
1380,-130.54137165556494,744
1381,-731.2315613811529,1262
1382,-223.07925269760563,327
1383,-78.4107016350199,309
1384,-162.25795766292435,451
1385,-1856.0423472770299,1935
1386,-106.61760952608529,206
1387,-19.787763238735124,612
1388,-1379.8483282110396,1939
1389,-161.99120637511623,313
1390,-87.04027462101635,492
1391,194.20550606352202,525
1392,137.5651232749726,328
1393,-1828.0016442920837,1942
1394,-105.63985250986372,393
1395,80.6343040970504,421
1396,-1454.412097275289,1992
1397,-192.63985250986372,306
1398,-116.95466409631149,372
1399,-295.415336450254,659
1400,77.75284856312805,941
1401,-1240.4286506316346,482
1402,-546.721992592004,430
1403,-395.0780385835442,331
1404,69.80180081855528,325
1405,-96.50528591848354,351
1406,-65.04027462101635,514
1407,-493.2645439105951,424
1408,25.269453885771043,388
1409,-61.6263320179346,739
1410,-1269.1524379428774,2239
1411,152.93842333194152,394
1412,-24.72734776749843,303
1413,-861.7303939875769,357
1414,-743.4457269322297,381
1415,455.7286763914227,1181
1416,4.1016119506927,278
1417,-636.0312782806855,431
1418,-1234.1568155699465,2065
1419,-268.61992524555967,237
1420,-611.7355200118094,275
1421,-942.0498283935738,424
1422,-496.29677394399425,284
1423,-512.3826296320368,481
1424,-836.3273501539693,743
1425,1134.8165710922528,1566
1426,537.6958096247583,822
1427,67.19100607436746,544
1428,-71.69008394451589,418
1429,-22.677646122228566,790
1430,-159.6624350950297,315
1431,119.77495076830121,276
1432,-119.12447898313474,339
1433,-139.02189561232694,292
1434,-40.73860501335878,691
1435,60.57004732297389,533
1436,-211.5244789831347,476
1437,-518.0498283935738,848
1438,191.93842333194152,433
1439,-34.66243509502971,440
1440,-417.66559194037177,1253
1441,-335.0210224246157,268
1442,-1724.0774009494316,1764
1443,-175.02189561232694,256
1444,-171.95312765943265,349
1445,-471.573682049117,563
1446,-1677.3651924068363,759
1447,-1119.1292540773347,420
1448,-108.63985250986372,390
1449,-2263.645840732249,1969
1450,-839.0498283935738,527
1451,253.8762461993235,388
1452,109.25168753328632,303
1453,-157.95199957497192,345
1454,-226.5244789831347,352
1455,457.42001838276474,716
1456,661.9219566622202,767
1457,-2057.124036151865,1604
1458,1265.4755210168653,1953
1459,-420.8962831633129,347
1460,-38.410701635019905,349
1461,-164.55484099612227,405
1462,-52.385468582688986,323
1463,-347.63439491137865,740
1464,135.70097076371707,479
1465,77.76827861735939,381
1466,134.8922066995451,329
1467,-1385.5161243851448,2199
1468,-175.22136653054304,262
1469,317.3263683142403,625
1470,-117.72594061066104,391
1471,-147.18342890774716,284
1472,3.125298547575312,330
1473,-981.6616350297156,606
1474,-147.44594061066107,318
1475,-727.7576382118802,504
1476,-200.22961649664626,616
1477,540.9106486562166,964
1478,-225.54145343117386,357
1479,-1864.88656302147,1654
1480,-14.451544849776042,350
1481,49.06568696290975,344
1482,-483.71754814755946,420
1483,-100.4495092826229,461
1484,-834.6735661144735,373
1485,115.18361900037348,369
1486,278.2301636202933,406
1487,-534.4291100930277,554
1488,-256.55478201343783,430
1489,-185.3331200978406,399
1490,-70.4495092826229,491
1491,-988.8546005972316,603
1492,160.8089861025043,374
1493,-219.2935384118913,363
1494,4.835389897696814,233
1495,-262.24715143687195,570
1496,29.251272536300803,475
1497,622.663404233393,1298
1498,-439.47098947747133,347
1499,-478.24715143687195,385
1500,222.66991391556854,352
1501,-147.64048271389362,287
1502,-115.36618988093255,396
1503,-85.22734776749843,282
1504,19.214407115411404,529
1505,-1286.7329961277128,621
1506,46.86615714648417,589
1507,-104.49008396730437,273
1508,-985.9949683630489,563
1509,82.95702542042847,311
1510,-916.0299119487402,384
1511,-741.6672225043035,353
1512,-909.6889935694571,360
1513,-677.9783124055328,294
1514,-294.38961649664634,411
1515,-667.6746114510086,599
1516,-800.6735661144735,407
1517,29.326368314240312,337
1518,-105.4107016350199,282
1519,63.32636831424031,371
1520,-213.54678294501423,320
1521,-661.2944361754226,586
1522,-146.12447898313474,312
1523,456.614531417311,832
1524,-1857.5071567765958,1705
1525,-134.54145343117386,448
1526,44.58247819275772,424
1527,-172.33851311499382,335
1528,-7.630291540697954,350
1529,-57.60696501909308,283
1530,-750.6597915321192,274
1531,-21.816380999626517,232
1532,-1472.9469314505432,1548
1533,-486.68781435966673,480
1534,-100.58935134378339,457
1535,39.875521016865264,498
1536,-79.22734776749843,288
1537,-611.6343949113786,476
1538,-89.07089794599295,415
1539,-17.14294824390589,387
1540,312.70304741484983,762
1541,-476.87369702091746,493
1542,-389.0288839160394,410
1543,-439.31433810479484,405
1544,334.70097076371707,678
1545,-112.38546858268899,263
1546,-1166.6930463585975,382
1547,-382.29677394399425,398
1548,-33.10738900562029,352
1549,2.007650955824772,334
1550,205.25168753328632,399
1551,-971.1180463585979,333
1552,-108.77405567228698,381
1553,-650.1238380472756,344
1554,-19.221366530543037,418
1555,-148.5244789831347,539
1556,-1181.8648232878895,1698
1557,-832.196434862891,371
1558,-64.97179760230324,279
1559,179.60484836042974,315
1560,-1714.1240361518649,1997
1561,-402.86990425064596,629
1562,-82.4872425125115,402
1563,-18.531378580040098,377
1564,-727.8247681808361,401
1565,-14.385468582688986,361
1566,1246.458546568826,1829
1567,-176.32799189271236,474
1568,212.2622261749725,447
1569,-915.2564850383308,477
1570,-225.6907223389536,309
1571,85.88076879104835,802
1572,-1169.914968363049,337
1573,-283.905405567207,381
1574,-201.95946111536227,351
1575,-107.64048271389362,327
1576,1591.036231884058,1835
1577,15.957025420428465,244
1578,-377.5953062682785,385
1579,204.27308866660687,354
1580,-402.4379902752439,368
1581,-22.531378580040098,373
1582,-130.95946111536227,439
1583,130.23997751546295,450
1584,-1786.107635867862,1916
1585,-1464.4346309946432,1777
1586,-750.4012279554702,412
1587,-1183.7819107185155,359
1588,-216.72594061066104,292
1589,109.72749847306645,318
1590,-1163.9829961277128,566
1591,-315.9801192439361,481
1592,-647.7964394569028,926
1593,-158.63985250986372,340
1594,-147.77405567228698,342
1595,-249.57368204911688,754
1596,-258.63439491137865,829
1597,-481.29677394399425,299
1598,-32.060681100831744,344
1599,-439.88498772895366,413
1600,-174.49788664214486,301
1601,413.3985204922674,1304
1602,-933.1978916846024,683
1603,-424.85269785336754,380
1604,-149.2661784499869,365
1605,-224.8306878437511,392
1606,-44.67866283865487,661
1607,-230.7845737551113,508
1608,-45.11761699359727,467
1609,-115.8734965765741,487
1610,-250.9387457876901,443
1611,-840.1206475621564,447
1612,-832.0534824417039,683
1613,-835.6917815976149,439
1614,-1769.9396077497368,2222
1615,646.3882848672097,1147
1616,-1588.3909579788992,441
1617,-51.12492799017883,460
1618,-71.24611974221426,308
1619,-268.8115917460567,391
1620,272.72234960491346,696
1621,-824.6492724019256,408
1622,-184.2332120695819,331
1623,-322.68554732343546,372
1624,539.85603653475,1113
1625,-1290.7631598610585,497
1626,181.75712418350378,642
1627,-68.81052380602739,418
1628,100.14246916426481,464
1629,130.63946977359592,477
1630,-609.8111077140352,566
1631,4.118394084100601,705
1632,-298.14418497904967,391
1633,-63.87255134929546,543
1634,-219.1760188904708,369
1635,-1358.2641840034462,2280
1636,-134.8642425900378,355
1637,-456.58172993817743,386
1638,-1472.3936779838668,2257
1639,-132.12492799017883,379
1640,391.45928378261647,792
1641,-1379.353178228413,2104
1642,-0.11761699359732347,463
1643,-53.21217380194565,455
1644,6.745550289055643,442
1645,66.40927947012278,789
1646,-1609.5674850580745,2239
1647,-105.1895918199059,492
1648,-1332.0748147615252,589
1649,-625.6379094412323,2316
1650,288.74555028905564,772
1651,57.944011408731456,387
1652,-1008.6019992590152,581
1653,-146.02518603510669,474
1654,-137.90184640975883,370
1655,-1266.3349332764417,538
1656,1771.6957203636455,2349
1657,0.5838109748273723,344
1658,-362.7129192342911,485
1659,-264.7845737551113,474
1660,-59.164211142171666,456
1661,-1332.7680191995037,1868
1662,-161.57895655015682,385
1663,-88.25444971094436,347
1664,-266.08874491103313,404
1665,-295.20635024922444,457
1666,-580.4558035367054,452
1667,-92.20905489322422,506
1668,-1615.8821396022895,460
1669,-288.47087967154926,379
1670,38.63196606580948,448
1671,325.4319927813424,1078
1672,-158.12322378518616,403
1673,15.326752436237314,381
1674,296.2198078461288,697
1675,-124.4458670040126,624
1676,-79.37954372340914,562
1677,-1137.3634048210395,733
1678,-70.55348226067417,546
1679,-420.540246443627,418
1680,-819.1206475621564,468
1681,-996.1803184238347,425
1682,-842.3462330355442,447
1683,-260.68934015083687,400
1684,-613.1240511851124,469
1685,-262.2722326106441,476
1686,-1254.9978916846023,412
1687,115.26558831295023,455
1688,-119.90184640975883,388
1689,-238.20905489322422,360
1690,-753.1799155541787,472
1691,-252.0032396994461,335
1692,-17.120841843259313,388
1693,-16.553482260674173,600
1694,-288.37954372340914,381
1695,47.63196606580948,457
1696,-747.6468086828706,734
1697,-1626.8570776694055,2163
1698,-17.864242590037804,472
1699,-709.1997681808361,523
1700,-1107.6930463585975,479
1701,-1192.823868337788,404
1702,-472.4108978756183,522
1703,-925.2829362345553,400
1704,-459.45842881777276,850
1705,116.51559785087738,450
1706,-794.5018069665275,421
1707,-726.2944361754226,504
1708,197.04800042502808,700
1709,-395.8962831633129,372
1710,-631.8377882253438,323
1711,168.30609114402068,290
1712,-405.8387835835267,354
1713,-604.8736970209175,365
1714,-173.46492434039942,371
1715,-569.4181906587421,364
1716,62.47033064031939,606
1717,129.5651232749726,320
1718,-325.54128459571655,289
1719,-765.9498162136331,310
1720,-92.38546858268899,283
1721,-878.1419996225052,316
1722,-1337.8093517284535,270
1723,68.08041011965281,364
1724,-245.30032304739643,366
1725,-603.219735503529,253
1726,-1675.4858850767373,1901
1727,-1099.1315020479374,1940
1728,-1539.4532472339897,1429
1729,-2533.5174767554527,1646
1730,-2428.983246296143,1541
1731,-1035.5475310248112,2277
1732,-1754.5366533752258,1378
1733,-1529.2947883431607,1427
1734,-2306.4813906043555,1524
1735,-1536.3109692088879,1336
1736,-2163.4345705103324,1163
1737,25.226788007028745,1735
1738,-1983.3550623906553,1561
1739,-1990.0906962180484,1240
1740,-1264.488613150218,1339
1741,-1705.474656394993,1467
1742,-1569.9042028377244,1533
1743,-1591.6186864655674,1917
1744,-1580.6938841975625,1607
1745,-1269.6279097083284,1345
1746,-1965.3336341940994,1404
1747,-1942.3336341940994,1427
1748,-1969.3336341940994,1400
1749,-1792.2335533609057,1507
1750,-1452.3729538656153,1346
1751,-1949.6685560645005,1450
1752,-1552.2460858472114,1580
1753,-1206.919124107997,1621
1754,-1471.3000827758465,1180
1755,-2192.2680458209643,1643
1756,-1485.5300970882768,1514
1757,-1134.8724187644161,1626
1758,-2176.41994161639,1700
1759,-155.24034010237256,1908
1760,-2739.1531574685932,1639
1761,-2174.601780661678,1843
1762,-1513.7223258512654,1658
1763,-2393.9173116307766,1472
1764,-1613.9782416902613,1557
1765,-2147.1427468729603,1481
1766,-1633.3190673967342,1381
1767,-2254.4813906043555,1576
1768,-1313.3367649469965,1320
1769,-2814.5728782339984,1680
1770,-1775.5433906782064,1478
1771,-1271.2159652874325,1578
1772,-2041.485285017986,1535
1773,-1176.2373560667606,1930
1774,-438.7117083634257,1336
1775,-2296.891972879152,1651
1776,-1120.358166349873,2308
1777,-1945.818950663599,1307
1778,-1242.565385816944,1328
1779,-1174.357095624834,1600
1780,-2025.932375647174,1313
1781,-1401.270760315957,2056
1782,-1832.561854785586,1361
1783,-1765.872276933775,1571
1784,-2957.8952345288817,1656
1785,-1749.993162166128,1486
1786,-1483.328133621184,1332
1787,-1199.6279097083284,1415
1788,-1440.3109692088879,1432
1789,-1947.5484517092232,1523
1790,-1569.7064221018004,1736
1791,-1568.4221164879227,1575
1792,-1607.3208014610532,1686
1793,-44.56303612687384,529
1794,-147.84491697963733,423
1795,-726.5287092699823,1700
1796,383.50461433336284,783
1797,-103.86932162881368,392
1798,-571.5099842666502,746
1799,-904.5781084075848,438
1800,-335.363635811016,411
1801,-971.5213470666527,581
1802,-208.38259516780397,508
1803,-591.5559676382666,725
1804,59.99938912685178,557
1805,-13.30549076276941,532
1806,-712.1057389851055,1153
1807,60.92539743697705,558
1808,-530.1255084473011,434
1809,-68.51485950031389,336
1810,626.7232594023036,1133
1811,-35.327634676578896,496
1812,23.22912643497807,438
1813,62.2678419090289,628
1814,-1353.460297929474,2161
1815,611.9750153354237,1123
1816,201.7277673893559,940
1817,551.8700362654719,977
1818,-599.9742286729077,872
1819,-740.1434489580952,2116
1820,-267.7867942187868,805
1821,44.48514049968611,449
1822,-606.17312749492,560
1823,-1354.2748147615252,506
1824,-12.219361066190686,419
1825,-473.8111077140352,702
1826,120.60909329009218,473
1827,-948.6182316757458,491
1828,-869.636486885963,416
1829,-31.92467601915928,429
1830,-862.6817136621303,403
1831,403.15508302036267,974
1832,-513.4539256988405,437
1833,-198.16891979398247,410
1834,-168.71293027194042,412
1835,-1092.0820600961672,445
1836,-71.07044048299099,397
1837,-393.4693839859592,415
1838,93.63546688026923,453
1839,-567.9766290379728,766
1840,301.52912032845074,969
1841,-55.98330910188105,395
1842,-531.1255084473011,433
1843,-98.47486543544568,291
1844,32.52649541303481,462
1845,-73.7073702233937,372
1846,-637.7398881630083,2252
1847,-162.2532396994461,392
1848,-15.4528148650449,410
1849,6.485140499686111,411
1850,-543.3579375743293,1454
1851,-197.87513440193243,401
1852,-185.8917477328265,455
1853,-562.7079182421028,617
1854,-1701.4932969530742,2102
1855,77.87507200982117,589
1856,-93.11761699359727,419
1857,-165.2332120695819,350
1858,508.82298837261175,953
1859,-54.503668038418425,415
1860,-22.150969059545673,363
1861,3.5788836223889575,402
1862,-972.0225862313719,567
1863,383.0592660030143,1746
1864,-26.033186749957395,420
1865,-52.864242590037804,437
1866,-374.551387847594,417
1867,-87.53795596899062,401
1868,-337.01795091219356,447
1869,-291.53718484118974,298
1870,-189.53391630956685,387
1871,-36.769969427790556,431
1872,-297.5337546458828,439
1873,225.6378239808405,885
1874,-853.5520927430164,356
1875,7.631781933555487,504
1876,-169.80963386170015,354
1877,-720.6492724019256,512
1878,-144.75933334441788,397
1879,-54.12996373452813,371
1880,-814.3045136032863,383
1881,-969.4767822914291,1803
1882,-54.11761699359727,458
1883,-210.68516538583503,375
1884,-49.37954372340914,592
1885,140.9628619954691,526
1886,184.92108975807605,702
1887,-527.6468086828706,954
1888,-113.347150212401,343
1889,184.90106632023958,573
1890,-975.1054232839651,444
1891,-969.1684040440548,422
1892,-539.501728160551,411
1893,37.876776214813844,599
1894,-199.90184640975883,308
1895,272.6661530227197,497
1896,-1738.9722773041203,398
1897,-649.4009956145196,445
1898,-56.13977923422806,430
1899,-794.5435878805833,1166
1900,-1388.2030764891388,527
1901,128.804868051315,507
1902,-1421.3201404856982,712
1903,35.88902500532254,406
1904,-2302.614803500205,2002
1905,-386.6925712068305,689
1906,12.264956761007795,381
1907,282.26938825950344,480
1908,496.8602224023498,919
1909,-146.08467828205863,358
1910,-61.95874414247561,227
1911,69.79094510677578,668
1912,-1031.273502664928,387
1913,-528.2503129439726,644
1914,605.5251345645543,995
1915,-307.382027818207,372
1916,38.06784112249392,490
1917,-368.1033532397437,348
1918,-820.7971441198038,459
1919,109.36927239873489,593
1920,-123.41891979398247,515
1921,-208.55348226067417,408
1922,-151.83795554453997,328
1923,-191.8642425900378,298
1924,-783.7902684452399,342
1925,-128.27087356502193,319
1926,-122.43181197772435,343
1927,-693.7748044641155,466
1928,-276.8816059158994,424
1929,-314.363635811016,432
1930,-318.1033532397437,398
1931,-98.36803393419052,311
1932,-123.59969632969842,380
1933,-216.47087967154926,451
1934,-125.0459063815565,460
1935,-780.611572073557,409
1936,-845.5497249434693,352
1937,50.765946658655196,467
1938,-244.90834216987582,474
1939,-343.58213782951054,421
1940,262.8759488148876,1345
1941,180.717148758617,781
1942,585.30314914915,993
1943,-897.5703883774386,2263
1944,-809.9809263917614,707
1945,168.83057576272563,699
1946,-231.47087967154926,436
1947,-103.08467828205863,401
1948,-41.90576189924542,356
1949,160.28387493895968,602
1950,-217.83032745942876,385
1951,-189.08467828205863,315
1952,-125.11678776779627,348
1953,37.78889619043315,405
1954,-70.11761699359727,442
1955,-718.8299651978086,712
1956,566.2758686401314,976
1957,-83.21361346931201,357
1958,209.18148692357443,605
1959,287.5402048839641,775
1960,-1277.393476364463,2041
1961,-180.22249113973237,393
1962,-420.501728160551,530
1963,-911.9407339969857,451
1964,-65.87301691589107,453
1965,-40.86932162881368,455
1966,365.1183940841006,1066
1967,-1462.1265628867013,2009
1968,-102.13576288252125,309
1969,14.860222402349791,437
1970,-1654.2772711426837,1731
1971,-1092.9564801045692,340
1972,-167.14396346524995,406
1973,-542.616771593164,581
1974,-33.21361346931201,407
1975,248.81119604124416,621
1976,-44.805874599626804,984
1977,-1325.0644063927684,1371
1978,-205.0535240695475,418
1979,-317.2704440282597,397
1980,-920.1054232839651,499
1981,-49.68934015083687,611
1982,-254.4252541374865,376
1983,132.49633196158157,602
1984,-68.81851307642557,327
1985,1106.82687250508,2273
1986,-451.14151324451063,367
1987,-334.47087967154926,333
1988,-397.363635811016,349
1989,-21.521836153677725,485
1990,-379.5519190991545,391
1991,-1722.8419645670037,376
1992,-169.07891024192395,348
1993,-29.346029323989796,358
1994,11.212861995469098,429
1995,-304.47087967154926,363
1996,217.23047886784275,905
1997,-822.1206475621564,431
1998,-924.9766290379728,409
1999,-575.6226091494073,410
2000,-174.53587397205297,361
2001,-337.2232749811874,288
2002,178.9628619954691,564
2003,225.02970987479443,576
2004,-1685.2488753519951,402
2005,1236.5649063973322,1765
2006,-969.2475979970739,573
2007,-223.14396346524995,350
2008,510.75388025778574,890
2009,102.7277673893559,841
2010,304.7667879304181,820
2011,162.9506633080273,646
2012,27.10237027661026,624
2013,-376.2722326106441,362
2014,-252.47087967154926,415
2015,-1766.5240273042104,1802
2016,1278.2226867459426,1716
2017,-129.08467828205863,375
2018,65.72234960491346,489
2019,-741.9407339969857,621
2020,40.940953831970205,385
2021,526.9865920903057,1512
2022,-528.1255084473011,436
2023,-88.50366803841843,381
2024,80.7659466586552,497
2025,-492.4539808954896,832
2026,-675.0235227684375,430
2027,-29.766073293759916,376
2028,-842.4814803493239,499
2029,24.776672921254487,443
2030,144.74546986070402,839
2031,186.11065074132216,721
2032,-1034.2868749022862,473
2033,-1170.4480076926898,469
2034,-65.08337452763823,351
2035,-387.551387847594,404
2036,129.44366633435664,545
2037,-100.47486543544568,289
2038,-667.259779150862,916
2039,172.0514460834704,853
2040,878.0891357607129,1377
2041,734.7670137235746,2173
2042,-928.0969754726264,474
2043,-151.3054907627694,394
2044,166.44730560047594,558
2045,-930.0069743947786,385
2046,-213.17002586879858,344
2047,-167.43509360266785,361
2048,-564.0621766087386,445
2049,-234.4664873783746,323
2050,-59.509126475122855,440
2051,165.062973330212,495
2052,-275.47087967154926,392
2053,141.617972181793,821
2054,-118.49669948423394,318
2055,71.83716036918463,671
2056,-902.7330850318581,413
2057,-97.66803335059609,311
2058,-61.90576189924542,336
2059,-779.4124276422399,374
2060,-36.362176019159506,623
2061,,1315
2062,-1062.4001429316477,1929
2063,-74.47825841272328,352
2064,-1254.0201296355112,1779
2065,11.447305600475943,403
2066,-883.9801303769498,411
2067,-1032.2024806644656,412
2068,630.3198721987029,846
2069,-215.8050293532142,373
2070,-63.47486543544568,326
2071,113.63946977359592,460
2072,-198.55348226067417,418
2073,-38.47486543544568,351
2074,-149.16317404384358,1065
2075,0.4109244350790391,406
2076,-887.8057101703887,845
2077,-318.70588468262883,366
2078,-260.3242871401483,850
2079,-1079.2680119168508,1505
2080,-1319.5625982286015,1244
2081,,2204
2082,-2439.874400711576,1594
2083,-1385.5627341340087,1567
2084,,1970
2085,-1910.2922486632328,1477
2086,,1593
2087,,1887
2088,,1993
2089,,1987
2090,,1730
2091,-700.8807082338867,2031
2092,-1031.691716432395,1563
2093,-1228.1759529189308,1818
2094,-1084.627713498026,1518
2095,-861.3611502859762,1370
2096,-832.2065248653812,1421
2097,-1403.4429615998083,1513
2098,-1223.8735987601844,1632
2099,-873.5223434912205,1697
2100,-797.4131924997778,1740
2101,,2041
2102,-742.2971802719348,1622
2103,,1932
2104,,2098
2105,-1367.9265452972772,1758
2106,-1038.5978530203956,1379
2107,-1324.6549298725504,2264
2108,77.26060606060605,221
2109,-972.0061967252914,1346
2110,,2009
2111,-1017.199433786715,1509
2112,-988.127713498026,1659
2113,-1136.1501198432807,1660
2114,-1275.9623788326912,1418
2115,-1087.0911558263056,1506
2116,-691.4967454910766,1481
2117,-695.8588120127847,1579
2118,-1213.3114319206825,1860
2119,-2154.943213046661,1801
2120,-1040.5223434912205,1530
2121,-1094.3114319206825,1979
2122,,2171
2123,,1985
2124,-1524.8006623091446,1395
2125,-865.8050206748617,1741
2126,,1950
2127,-1392.429977495431,1275
2128,-1136.9623788326912,1557
2129,-1111.627713498026,1491
2130,-989.199244191334,1472
2131,,1996
2132,-1000.7368055147399,1378
2133,,2114
2134,,2012
2135,-949.0859598659963,1734
2136,-872.7147186758148,1373
2137,-794.0923762540242,1437
2138,-978.7283731705811,1337
2139,-848.8248516065314,1532
2140,-878.9623788326912,1815
2141,-1529.0951381876744,1708
2142,-785.1498078368354,1470
2143,-759.627713498026,1843
2144,-1455.062245760315,1542
2145,-1029.5625982286015,1534
2146,-1038.5223434912205,1532
2147,-617.9694786053674,1987
2148,-1222.840038103479,1693
2149,-1652.8816566527034,1495
2150,,2343
2151,-400.0061967252914,1918
2152,-870.0116154004113,1365
2153,-854.7283679368497,1635
2154,-462.1940203889603,1708
2155,-959.5320370229169,1389
2156,-849.5210691602629,1358
2157,-1455.5627341340087,1534
2158,-358.6880119168509,2154
2159,-490.0547004530381,1751
2160,-1519.3032885526654,1737
2161,,2143
2162,-869.627713498026,1733
2163,-911.3350100055986,1597
2164,-1142.9617619692103,1690
2165,-890.7045636467719,1365
2166,-1497.9561168956438,1794
2167,-1879.240270836783,1718
2168,-311.19924419133395,2150
2169,,1969
2170,-846.4842073228297,1536
2171,-506.4699434318695,1851
2172,,1949
2173,-1019.4673601333625,1375
2174,-1071.8893359232557,1573
2175,-1032.199244191334,1429
2176,-989.9623788326912,1704
2177,-1017.411139717386,1801
2178,-1006.0264018733537,1313
2179,,1805
2180,-1547.8816566527044,1533
2181,,2072
2182,-957.4917202692504,1609
2183,-1641.323238443827,1648
2184,,2064
2185,-898.4640415672202,1726
2186,-686.3350100055986,1822
2187,-681.5328539023053,1844
2188,-853.6023434912213,1582
2189,-1775.9432130466612,2180
2190,-507.27983859222695,1807
2191,-758.6991154004118,1599
2192,-530.9909169686857,1894
2193,-715.627713498026,1887
2194,-1062.199244191334,1399
2195,-1006.9617619692103,1826
2196,-1194.9885435456458,1782
2197,-951.4472020162962,1680
2198,-1262.9976366449068,1579
2199,-813.9195101372538,1459
2200,-998.5376939421885,1793
2201,,2165
2202,-896.627713498026,1706
2203,-1012.3293281874171,1452
2204,-1451.310374709023,2035
2205,-843.1780492226153,1647
2206,-848.0680045973877,1668
2207,-993.8028875436762,1394
2208,,1911
2209,-1163.9623788326912,1530
2210,-1850.661768579219,1562
2211,-846.7805725084204,1454
2212,,2151
2213,-898.2744039449926,1498
2214,-986.6763056127661,1390
2215,-637.9430695138003,1780
2216,-936.6763056127661,1440
2217,-802.4779124985639,1567
2218,-1208.9617619692103,1624
2219,-1203.1780492226153,1287
2220,-1089.728373170581,1226
2221,-1226.676305612766,1150
2222,-874.1498078368354,1381
2223,-932.7071798831153,1369
2224,-560.258733605935,1623
2225,-879.3258920287458,2223
2226,-1041.3550683165413,1524
2227,-860.0349045898174,1706
2228,-2189.874400711576,1844
2229,-1467.1662080734773,1615
2230,-1171.5857093062982,1504
2231,-1845.6662080734782,1154
2232,-305.832485820134,2335
2233,-1457.1923033992248,1596
2234,-1733.4346706879746,1296
2235,-983.627713498026,1619
2236,-1081.1780492226153,1409
2237,-964.4131924997778,1573
2238,-1045.199244191334,1416
2239,-908.6222863148073,1567
2240,-383.97531777644735,2016
2241,-828.8053683815947,1675
2242,-936.627713498026,1666
2243,,1877
2244,-1571.253971227225,1640
2245,-1550.324923982792,1614
2246,-1565.6738612470267,1498
2247,,1767
2248,,2160
2249,-1139.5625982286015,1424
2250,-833.9577774219579,1451
2251,,1895
2252,-1087.4345944021634,1284
2253,-1128.9345975187925,1800
2254,-789.2661004533816,1733
2255,-1244.6594428224207,1193
2256,-590.058805735961,2119
2257,-1592.8284180463365,1530
2258,-1598.6504928453605,1502
2259,-1108.1334029837658,1502
2260,-739.7147186758148,1506
2261,,1983
2262,-414.1918438401715,433
2263,-1056.5625982286015,1507
2264,-776.0061967252914,1542
2265,-960.7147186758148,1285
2266,,1892
2267,-312.8053683815947,2164
2268,-2057.977501876504,2290
2269,-859.6148759729649,1670
2270,-987.5625982286015,1576
2271,-952.6549891390055,1301
2272,-1830.7167103290258,2131
2273,-1109.9245774818464,1209
2274,,1832
2275,-1138.958668390937,1356
2276,-1127.1642584904384,1515
2277,-1486.4587679572337,1486
2278,-1145.9696282664745,2178
2279,-921.8221372482931,1439
2280,-909.1823202908372,1664
2281,-844.5693279253969,1586
2282,-1397.5677288985462,1584
2283,-1391.9320758023887,1581
2284,,2007
2285,,1866
2286,-1248.5223434912205,1322
2287,-1759.4530852241328,1203
2288,-1191.121849036947,1512
2289,-303.02576994010815,1016
2290,-1277.6576549507263,2369
2291,-1218.9888266710855,1323
2292,-1130.1384483723264,1738
2293,-686.4688011137382,1397
2294,-1588.6188740750222,1627
2295,-1795.8290984170276,1269
2296,-842.4311521719624,542
2297,-1174.6501768483995,1648
2298,-1195.7101074751426,1798
2299,-1414.7175655212031,1564
2300,-1352.7384688130414,1779
2301,-1401.0261065920645,1681
2302,-1335.870175180677,1346
2303,-945.1083437065622,1245
2304,-1474.5940709139422,1561
2305,251.079410010023,433
2306,-1560.3145262489356,1697
2307,-1160.5234220119223,1822
2308,-714.2137806768901,1994
2309,-1083.9546447832167,1721
2310,-1468.3360908030554,1614
2311,-1788.8290984170276,1276
2312,-1513.6639003797704,1396
2313,-1283.21378067689,1440
2314,-1079.371386107111,1572
2315,-869.871386107111,1644
2316,-1043.4573729832236,2165
2317,-378.08105568253563,318
2318,-566.2377209352458,1697
2319,-526.1305306678198,1411
2320,-732.0367063810577,2163
2321,-2422.9746552949136,1744
2322,-2105.5878041268024,2071
2323,-1037.4623788326912,1701
2324,-747.9888696927055,1432
2325,,2101
2326,-977.627713498026,1625
2327,,1767
2328,-576.4573105945565,1822
2329,-722.186768365792,1942
2330,-876.8998227198726,2039
2331,-1429.5310597515386,952
2332,-1983.9120395837435,1088
2333,-1633.0221840423746,1061
2334,-1126.480182073963,980
2335,-1445.9378807308985,1003
2336,-1670.251567759818,2252
2337,-991.9489753942553,1426
2338,-922.9960923243825,1164
2339,-405.4460633205754,983
2340,-758.2904202200732,1288
2341,-691.180644459012,1387
2342,-739.2455669799306,1349
2343,-960.7856301198692,796
2344,-1138.6789605051113,931
2345,-957.4484036982408,1304
2346,-1115.287764146371,1276
2347,-1071.159604698159,1316
2348,-478.8318507490369,848
2349,-784.893461866172,1286
2350,-777.9918914399718,973
2351,-929.6975987855585,1463
2352,-1090.5370923941564,1323
2353,-1075.7892343277886,1218
2354,-773.0541107940278,1150
2355,-615.4801797485839,1548
2356,-2093.3702244979704,954
2357,-722.4801797485839,1441
2358,-382.54039328340286,1790
2359,-902.3118385397452,1451
2360,856.9802901380613,1997
2361,-534.5853831939903,1639
2362,-584.6975987855585,1808
2363,-1217.6678673370834,1461
2364,-952.8871944136222,1276
2365,-992.3622792503788,1302
2366,-395.80110024161854,897
2367,-522.0782727646501,817
2368,-1160.3251062315048,1483
2369,-1210.6574576744365,1078
2370,-118.66681309244677,2003
2371,-1712.0091206255447,1276
2372,-1421.530682975973,1015
2373,-1086.8761952736054,1050
2374,-1248.084920311202,1022
2375,-1071.2095286069389,1095
2376,-944.1050119249985,1039
2377,-1261.0412469883322,1214
2378,-1544.497712864366,1304
2379,-1648.0638790791386,960
2380,-889.4768577543778,1240
2381,-850.2567448789487,1154
2382,-1573.6761913751566,971
2383,-1250.2687677220083,978
2384,-928.8714502700691,1129
2385,-1630.6711211724737,1034
2386,-1195.8040275131038,1059
2387,-1134.6572437200066,1112
2388,-1150.4126840623885,1144
2389,-1117.8307832258843,1054
2390,-965.4845154180409,1035
2391,-1213.7404882350042,1080
2392,-1485.6529176135355,889
2393,-1196.8405536712316,1005
2394,-1456.4782261100972,1100
2395,-1532.5664246337496,1027
2396,-1202.1581095133947,1216
2397,-1273.4778683547393,1024
2398,-1371.6165757179283,1238
2399,-440.2317425683748,812
2400,-737.0185735308482,1445
2401,-737.6377265799917,1309
2402,-908.9161682926497,1410
2403,-1526.8018677748141,1164
2404,-1555.8400377695498,1520
2405,-928.8476771660121,1159
2406,-370.3437385665327,1187
2407,-1501.6188740750222,1714
2408,-1567.2964518663234,1636
2409,77.0,110
2410,-1404.803727909029,1586
2411,-1473.8290984170276,1591
2412,-835.2022118810132,1607
2413,-1505.7504105292355,2052
2414,-1292.2979578843529,1299
2415,-1376.1575013559072,1158
2416,-1317.1407111064618,1629
2417,-199.64324503110947,967
2418,-206.60243785915168,483
2419,15.803987503303404,522
2420,-1229.2006187784018,476
2421,455.6614868850062,963
2422,-640.7005880046643,729
2423,-790.3537036385205,355
2424,-105.72992308378127,348
2425,-149.1336563807298,392
2426,-913.7222984202062,1357
2427,-778.3375113462639,1597
2428,-856.514718675815,1410
2429,-1238.9878918138938,1824
2430,,1742
2431,-1456.2604076764082,702
2432,265.5700473229739,738
2433,-442.5806981980761,579
2434,-403.6735661144735,804
2435,-903.5440349780879,1372
2436,-664.4399598304612,977
2437,-1191.0866445719507,513
2438,-535.8181414653618,732
2439,-171.3089400399848,459
2440,155.5269472460243,439
2441,766.2613949866412,1481
2442,62.26945388577104,425
2443,190.20849987660932,462
2444,-1140.1675311441109,537
2445,,1118
2446,34.38627882921264,1482
2447,,1461
2448,0.2484875878026287,1488
2449,242.33936684603128,583
2450,-824.0423577132265,382
2451,-381.53249903190795,414
2452,-2440.0842804423037,569
2453,-883.3093776417238,377
2454,135.0197916721604,487
2455,-1096.5921203018447,398
2456,-511.9153486199673,493
2457,-230.5152922958307,311
2458,208.34064080049248,405
2459,-66.60485395484591,408
2460,-867.3616772785781,444
2461,311.59198478722965,575
2462,-1168.3338473951453,2119
2463,229.1010042086966,385
2464,-613.3754197432631,556
2465,-8.356978874220204,1205
2466,981.30314914915,1389
2467,1357.6292897230367,1822
2468,409.9010663202396,798
2469,-270.7845737551113,468
2470,36.75388025778574,416
2471,-40.10335323974368,676
2472,333.33111872508425,1168
2473,-710.17312749492,456
2474,-120.11761699359727,392
2475,-1173.4480076926898,466
2476,94.88902500532254,465
2477,-329.382027818207,350
2478,-184.37763201257144,460
2479,-70.08467828205863,434
2480,241.12486559806757,840
2481,-39.47486543544568,350
2482,114.3228996826299,518
2483,-161.48325130775436,594
2484,-669.071808682871,530
2485,-1409.3307643679457,432
2486,-264.3400989051104,474
2487,-614.6512404217781,407
2488,-1158.5646274343082,469
2489,184.1211102761444,537
2490,-175.3488497132256,348
2491,-153.7745571426566,386
2492,189.09685203837864,626
2493,-991.3911570654161,491
2494,-214.8050293532142,374
2495,-893.976106332379,348
2496,-895.416726796466,348
2497,-307.382027818207,372
2498,-688.9858859539586,729
2499,-12.589075564920961,393
2500,-287.01340790969425,698
2501,-850.087295168021,407
2502,-859.317823221362,387
2503,-766.17312749492,400
2504,-298.01813737743873,362
2505,-1068.3676201595106,406
2506,-136.2532396994461,418
2507,-703.0373023275476,392
2508,-398.5389529644408,780
2509,-1414.1088898524063,383
2510,-1649.5182491615215,407
2511,204.18329469418688,649
2512,-407.78913322164544,823
2513,325.1120119334216,737
2514,-2229.907238663009,1589
2515,-573.1358061247206,1276
2516,-36.084795053914604,2162
2517,-1295.5464538204888,1293
2518,-1310.1256350337458,845
2519,-695.6114395782545,1220
2520,-751.2875634910338,1776
2521,-1106.2632726204897,1261
2522,-957.5994869065271,1330
2523,-97.39488621048508,1040
2524,-798.0868385397448,1363
2525,64.29115801700777,1619
2526,1292.9113015095306,1889
2527,-23.189819581893516,2378
2528,-1149.855914947795,1428
2529,-713.8525815159624,1430
2530,-910.2516072751141,1144
2531,-712.1160025350312,1037
2532,1746.7219717143214,1874
2533,-799.5729805295036,820
2534,-928.0680187122798,1603
2535,-256.7671376492965,846
2536,-352.4878377389887,931
2537,-848.8889661981716,1534
2538,-825.9208887900818,1261
2539,-502.7597189403557,1253
2540,-900.201838066755,1194
2541,-883.6352906889651,1243
2542,-830.9997377692416,1592
2543,-814.4314591274415,1311
2544,-295.9760314375576,1909
2545,-240.42792411999778,775
2546,-589.0957009237,1445
2547,-646.5729805295036,1018
2548,-748.5370923941564,1665
2549,-1100.3966869530707,893
2550,-955.1919503362114,1348
2551,-975.7776824152261,1464
2552,-633.929034257033,1434
2553,-721.2685047334221,1387
2554,-298.1300726576833,849
2555,-1001.0693490818921,1272
2556,-1206.777682415226,1233
2557,-775.729445376141,1514
2558,-858.4877209352458,1493
2559,-448.4094227187243,2193
2560,-33.461685724088284,1614
2561,-501.4956717340765,1563
2562,185.3414721343031,1244
2563,-971.5455295698616,1312
2564,-410.77644586541805,1166
2565,-590.5410812846881,1570
2566,-1255.599252407872,805
2567,-1202.9951234631676,1306
2568,-1096.41436351723,1158
2569,109.24603831188551,2341
2570,-546.0847950539146,1652
2571,-371.31289129836296,794
2572,-835.9888342142699,1202
2573,-721.603827730848,1613
2574,-1003.3432414085928,1382
2575,-853.0944150457412,1282
2576,136.6818603611429,333
2577,-1181.4156516484209,1444
2578,-312.26781559154983,1164
2579,-548.9157709402632,983
2580,-1205.9056212982996,1380
2581,-695.5072272276525,1694
2582,-928.3905300894226,1006
2583,-555.7019592392485,1257
2584,-821.4462756363437,1333
2585,-916.0230531086977,1309
2586,-279.38903820892415,843
2587,-1023.287764146371,1368
2588,-990.0749487256658,1413
2589,-1145.4128122691761,892
2590,-474.21201435443754,1471
2591,-1038.9299185185537,1714
2592,-152.9685762953127,884
2593,-1471.2632726204897,896
2594,-414.9888342142699,1596
2595,392.1963221891997,1774
2596,-1018.9778289696724,1337
2597,-545.8621531615972,1643
2598,372.32706348599095,1542
2599,-777.0067875703203,1312
2600,-708.2911781592234,1425
2601,-792.4484036982408,1469
2602,-1042.777682415226,1397
2603,-949.5455295698616,1334
2604,-893.4135875498314,1556
2605,-355.96504536627504,1544
2606,-539.3788301854795,1370
2607,-677.5455295698616,1606
2608,-1282.6749134303473,1377
2609,-868.3118385397452,1485
2610,-631.4275569550462,779
2611,-412.89476322283963,927
2612,-663.0091668509817,1252
2613,-190.5729805295034,1529
2614,-488.71333574757455,838
2615,-991.3666153923323,1245
2616,-661.7507684460443,1066
2617,-1029.777682415226,1410
2618,-806.4069573492225,1248
2619,-532.3129524300464,1436
2620,-1160.0937029917573,957
2621,-845.4242689125817,1969
2622,-977.9789003132646,1366
2623,-844.3118385397452,1509
2624,-1046.5208968243664,1335
2625,214.9031869784037,1293
2626,-1022.7892343277886,1271
2627,-1239.3705656042612,1524
2628,-141.45202870926028,1000
2629,-949.2299063393571,1380
2630,-852.7339966241475,1292
2631,-251.60959941624878,1773
2632,-931.5444428955375,1661
2633,-513.8060281400508,1465
2634,-294.8392851597939,995
2635,-850.9389460722468,1375
2636,-1099.6749134303473,1630
2637,-249.82705764968455,1062
2638,-338.3064939010951,1586
2639,-720.3012866649478,1355
2640,-1156.497285798278,1753
2641,-999.2952271952468,1594
2642,-812.1336565765596,1268
2643,-747.5281257514275,1624
2644,411.891918466104,2310
2645,-1038.6434022139897,1477
2646,-440.8060281400508,1538
2647,-350.8929274321754,1975
2648,-570.4462756363437,1584
2649,-776.2685047334221,1332
2650,-702.0067875703203,1387
2651,-511.02561528141086,1621
2652,-952.598760846598,1245
2653,-433.0761222952169,1899
2654,-484.15736228296464,1802
2655,116.28325428323069,2274
2656,-720.0738904124446,1749
2657,-636.3819159422821,793
2658,-767.7909978584134,1422
2659,-341.5752589092815,1645
2660,-321.3667208534921,916
2661,-1100.9299185185546,1455
2662,-357.31369900261507,788
2663,-1153.629198855464,1349
2664,-641.8732794295056,1576
2665,-1373.7606277160617,1204
2666,-1796.4790034906582,2144
2667,-1164.512669856946,985
2668,-581.5533327070743,1491
2669,-1105.8236770622,836
2670,-833.1481641187511,1510
2671,-1826.4012734722128,1333
2672,-40.421052631578945,78
2673,-1011.5970081081805,827
2674,-1033.3925179003845,828
2675,-639.6095994162488,1385
2676,-684.6699863685926,1792
2677,-374.5073360096819,798
2678,-655.452219573275,1134
2679,-821.2685047334221,1287
2680,-1149.9248561986306,1262
2681,-1153.7606277160617,1424
2682,-933.7506350337462,854
2683,679.5396807592792,1988
2684,-805.5065799455913,1142
2685,-1034.143981932321,1550
2686,-189.43237387452427,879
2687,689.9357044871876,2005
2688,-938.4550907894554,1316
2689,-932.590726298421,1489
2690,-684.2377209352458,1579
2691,-377.222699851842,858
2692,-1493.5707975876403,1230
2693,-284.6568278758998,833
2694,-778.2281736572172,1420
2695,-1387.0268424416295,1148
2696,-1046.7035200420742,1329
2697,-794.9067120329419,1254
2698,-264.29075560729643,740
2699,-1015.2823606903207,1278
2700,-1050.9219121828778,1560
2701,-772.598760846598,1425
2702,-598.0091668509817,1317
2703,-344.5590899140841,912
2704,-473.99192557594824,1340
2705,-130.1521728619013,190
2706,-340.1774949061373,999
2707,-489.59655693732225,832
2708,67.741267628576,1608
2709,-816.7300431949611,1446
2710,-185.92233968450296,1025
2711,-833.1643198399652,1310
2712,279.67850113925397,2380
2713,-996.5980597487751,1420
2714,-343.222699851842,892
2715,-575.4655965561728,1036
2716,-246.43237387452427,822
2717,-1045.6561708418053,1416
2718,-1132.0749487256658,1271
2719,-940.34883421427,1194
2720,-486.712636699103,403
2721,-1241.9299185185546,1314
2722,-1133.2110429099348,983
2723,-66.18398911016698,1725
2724,-709.2392554910793,1662
2725,-1293.8367466876289,1288
2726,-693.6062613924128,1418
2727,-833.7453831939902,1316
2728,-336.89476322283963,1003
2729,-524.7081716772909,1539
2730,-1025.5185687855464,1120
2731,-76.24440070185273,247
2732,-672.9888342142699,1338
2733,-854.4529885059255,1327
2734,-86.95167022629812,1043
2735,-756.1696660439097,1541
2736,-1046.9219121828778,1564
2737,-1361.0227711460934,961
2738,-945.9917211043198,1466
2739,-985.4288801770217,1671
2740,-863.1138342142699,1166
2741,-765.2137519397286,1180
2742,-390.5449707928083,764
2743,-463.2317425683748,789
2744,-1112.0749487256658,1291
2745,-671.8876848411805,1379
2746,-311.8110762419128,825
2747,-739.4463802147843,1700
2748,-879.9526666211714,1337
2749,-886.6352906889651,1240
2750,-968.8060281400503,1266
2751,-892.2685047334221,1216
