,Time Error [s],Naive Time Error [s]
0,158.29598489240618,164.0231568904337
1,34.81454853503824,44.7493313337129
2,-182.26547137364133,-152.13013088144166
3,43.952943022544076,48.24229724534369
4,81.06267188324424,85.85031391986874
5,113.41469360878446,116.86195642330438
6,185.56146942035042,189.85318007961487
7,21.974483798740046,33.18042874824893
8,-155.82001741451126,-150.4601187471606
9,2.805146009552672,9.618918854111953
10,26.382849262378613,21.323504859618353
11,-101.57401012252703,-72.347815986387
12,23.98921712810926,30.130070743355702
13,164.18495901952272,171.06878951422624
14,360.96835046090564,343.1097517265631
15,285.9145968091115,294.9251980126121
16,275.65694027952713,306.2317041805911
17,-67.9636545244849,-62.548739367057024
18,109.63309517736616,113.61378193345045
19,-67.6992057108406,-61.2478774647435
20,52.46085275457807,62.66945243540974
21,15.77338108191821,21.771994934726393
22,8.69042904625369,19.745630792953037
23,42.40577661030731,46.775094128426026
24,-43.553080770181126,-26.349000567150853
25,98.84619302570724,106.47918166409957
26,421.09297491208963,428.71334720219426
27,68.36690454872259,89.15200764965013
28,96.2093489234631,101.41707682286062
29,-112.16487207714252,-87.18051997004957
30,-77.48359389018984,-68.54666047421722
31,-59.24955833939372,-54.833291707467446
32,-103.64482604255213,-78.83224683796038
33,29.761258540859245,51.922279383310595
34,353.8801981602993,362.31289451062145
35,19.66780083658849,7.551920669205479
36,-9.730086428185906,9.479596718669598
37,84.69332834089526,94.33736438479258
38,118.69878244023667,134.34912524514363
39,-51.069155522080386,-69.96718775143408
40,-6.078409529724475,5.432081638660982
41,115.81291163247195,122.64607721398396
42,67.99404305608041,82.46722115603875
43,-45.2875065518475,-40.665509450025496
44,180.73352335570058,188.61856477081426
45,136.8648621332948,140.8608317715254
46,175.80467007519493,178.22894373356488
47,124.70078714429526,126.99684488666634
48,-86.15135972208361,-107.71891230742793
49,265.372416187673,272.94138430806504
50,104.65780011141638,114.32146377318503
51,-125.6565631154316,-119.22232549130547
52,51.98618373135656,62.236354169505155
53,81.06547713632995,89.29136457407544
54,192.01700434980353,200.88129206965777
55,-172.9213824866009,-168.00411430260635
56,-147.2821486016626,-136.9313667224857
57,-37.67708037027528,-59.720308002409354
58,-154.48770557662687,-147.45577255525103
59,854.8420560267334,860.0968858791123
60,-45.24784210955047,-33.99132541170152
61,-273.59243144281214,-261.0699231283138
62,-155.35101190334697,-178.6692825436286
63,-12.0556405513289,-3.84708967544821
64,86.64907688645489,102.9550210132754
65,-34.13315825707523,-57.37094447623873
66,-89.63590534292422,-82.16892730295372
67,73.73565258545986,78.41367285022837
68,48.34422420594845,55.44189601371535
69,11.984584909891122,27.35196433070938
70,-114.60335415964266,-110.05804530150795
71,-180.69219019003287,-163.71649002773455
72,73.99774611758417,90.85082920947329
73,91.77561572585026,102.78872701831402
74,-20.20299046864254,-11.952120074169954
75,289.9631139171338,311.180028769415
76,164.8291975129822,186.96924780229256
77,-673.4161613551703,-613.7723216719113
78,14.514531048456817,23.343137594013093
79,1677.2381858696203,1694.5245088609563
80,-65.08239731615873,-59.13328638829617
81,-46.900954870630386,-38.06563664790278
82,28.40537590855042,32.1365165741137
83,-119.3561052372317,-100.08226701044819
84,7.608214389363823,15.77417067300781
85,-727.4509780090319,-665.1350264527725
86,-123.4597086795985,-145.2214977907271
87,-42.48637734085996,-36.52911024825666
88,-104.53610778666146,-93.96944292699574
89,-55.30923061145865,-49.47290637811881
90,-32.51480686067738,-27.985105033036998
91,-79.44083482366429,-59.027035432560936
92,-126.38352608051727,-112.04042697221271
93,171.18569380039605,185.2160063419284
94,-100.34551972705765,-88.32649573110884
95,-181.43577568550654,-174.93019318683002
96,-125.73475874057851,-119.5490459990076
97,86.57294390687026,90.12322554396908
98,20.919501464456005,25.326660404601242
99,-188.86058331805293,-184.12468311959972
100,13.618984165376851,23.763686535349635
101,-4.766785626980891,-0.3722858838690257
102,47.421733443932226,64.2357721515897
103,-254.7210423435494,-248.56270408716136
104,22.314974171205694,24.39977648038174
105,-52.50983027635319,-37.99883550992946
106,37.606887547988244,48.6042261448402
107,38.92412815867494,39.92723584681242
108,-144.21141919255774,-136.63035128962696
109,71.15978761102903,75.40900929607724
110,41.07261430851365,45.44480004388253
111,-12.320068308272617,-1.724499870535297
112,-48.87096940335933,-35.3611945857432
113,-88.09497090439939,-77.9134495193704
114,24.137108555516203,37.65956837394694
115,-161.23295885371584,-154.21042155016505
116,528.5313000012408,534.8339308992915
117,12.636715826691358,25.308848305760677
118,-116.19161281371122,-111.4021501717353
119,-72.78223584126526,-92.84359954373818
120,88.68959494206467,97.38908741496277
121,30.27259669863015,35.62602218345988
122,86.42840024533733,87.2562472476734
123,131.914351678904,131.82041183321337
124,-91.11961736785065,-76.31896030411787
125,-219.38322925760428,-193.858542366781
126,-152.77541975626391,-133.60877381610442
127,38.9353701451482,46.21939894775531
128,-150.13878024394984,-143.71249155796642
129,42.973568922794946,50.66292829149941
130,-114.93054384008461,-96.16842745998504
131,122.95980724519725,105.81068320527129
132,356.5021524021435,351.9331887486715
133,256.00051292051523,255.7470159288306
134,355.6413079860115,358.42511701150363
135,69.56844025245056,69.48369955964111
136,42.044779079086034,46.88762285396909
137,-167.82719024045798,-162.79817562405205
138,329.0791052216604,334.5733427750745
139,-194.3192323662785,-187.55602515504373
140,469.9440623394495,476.6588870148845
141,460.3650511211687,459.1382370376837
142,174.724505103207,175.08534598775537
143,270.9263240191657,277.9591611569812
144,737.2009311997075,740.7668021634867
145,624.0667365820577,619.9198740547635
146,239.53722396940313,257.43431013161705
147,-53.631581033893305,-31.854929849299545
148,21.949254117464058,48.00462067868147
149,69.46629837298771,89.01030601399304
150,186.1158711596706,158.96479636042883
151,375.5734703329252,371.9966582444716
152,227.94591296673994,197.4913338585285
153,88.04787298253137,94.93421947456804
154,243.1233414145653,229.90413858036823
155,-2.0605082821498186,-39.15884721397863
156,-670.5185507203706,-613.1824156620108
157,80.8312595130829,84.98120710838406
158,-12.360855063537471,-3.815981309593596
159,513.8894594156768,511.2831896231303
160,-28.322454926799935,-22.76249921611985
161,89.27292328701546,91.89321864866284
162,68.19393962804223,77.88998384938346
163,62.8918176928159,77.60142205533748
164,52.12028982352673,65.77377553465342
165,1.6279291383315098,-7.2248373450585746
166,-53.71375258372379,-97.14753916595055
167,99.83367110852845,103.53615289843808
168,340.91670149635854,337.75983353262643
169,336.73262578134177,314.75048106208993
170,165.81161223793737,142.11837310266952
171,-71.50011661154522,-91.45026026777322
172,136.15170679859182,127.16874888273503
173,99.01059147486657,94.79035137639792
174,-24.930660918260955,-47.70549441163364
175,236.06572671996815,250.07887777950242
176,9.243278635041321,31.683870813991597
177,254.2268777222489,262.5835646653169
178,-220.2928198910799,-217.19021841876233
179,377.63517523968073,388.6971986248947
180,-348.11788345716906,-322.28016811783266
181,107.90938088183601,121.18027397202228
182,163.2139173960098,164.14280510957812
183,-86.84505198228699,-76.99582175397742
184,58.61693727495344,61.80118615764729
185,96.98768609795502,116.28207549077248
186,23.16857740656193,19.600984897457437
187,-29.393751062754134,-17.654334966422468
188,144.6807990157527,164.20229413017964
189,122.11295929732054,126.77970387833916
190,-107.61885593013972,-90.940190808959
191,97.35845959151536,111.90644704024992
192,250.4707167114484,260.0303276543816
193,138.2299739978498,144.59864297696558
194,126.90792354099463,130.65366993288313
195,70.77952932822045,74.77410048707095
196,-57.086019943271566,-39.751045693381485
197,104.96588640743485,136.75952749102373
198,294.6567950835564,301.84998561175905
199,-381.9046504599353,-356.28151804902916
200,203.061851531034,214.94642722973572
201,160.08031860178272,183.74435614768814
202,81.72699350903028,89.026868142263
203,-186.90247175187602,-203.22126976634334
204,-53.015742656891035,-39.293888408924516
205,-50.05960123634118,-21.42967618348159
206,133.479371965134,136.5665604438596
207,154.66662127575944,156.77156426829237
208,78.37578477138425,95.26044625184926
209,-34.64210319980894,-23.082184136159043
210,-2.829309486996351,12.528948579027052
211,55.712660180193126,59.611090311952054
212,271.2634273642676,285.1067157127738
213,13.95618624778529,28.12655447813216
214,79.11113806213346,77.63742275043171
215,497.179732133189,494.94653195784633
216,173.85205084410933,172.64978915287045
217,26.39270512456373,25.92580621761856
218,221.05256808400523,218.92027292205393
219,6.1198886341130105,5.557346779784073
220,24.70516476307238,24.12133520766568
221,954.6235237244126,955.3287936311826
222,82.13303350034295,90.44216081071197
223,222.25842861211527,221.41363871221589
224,176.45233869489152,184.60937025220076
225,267.22869148322366,265.538821829026
226,373.7593778989541,372.36628175038845
227,71.37234400907877,71.36676526098701
228,130.9608482066933,133.50475613497676
229,247.13812500660933,247.04760496457135
230,118.98737387579976,116.7791413221345
231,131.1388008393271,131.38201261065623
232,-25.152790551433952,-25.790121085731876
233,125.08710762834136,125.13327499426492
234,377.61875306765944,377.1357370714086
235,166.26139537070694,164.37855838567626
236,324.80456585178496,323.26952357793175
237,40.13073620054284,48.536152600277134
238,123.52849789438055,131.70785882981752
239,-121.6128442673903,-114.07248552149107
240,143.358855260105,145.6425332771345
241,-290.60542981686103,-275.0721857382411
242,-68.50190821643987,-70.04978230827473
243,168.96158653740434,171.44273495759623
244,392.92283127079963,393.22426710048444
245,185.72447049479578,184.86285736253745
246,294.29824060449204,292.099590572077
247,125.20283647885027,131.95570327951475
248,186.81319294554834,189.68160981319923
249,-166.39707861855322,-142.7208370812392
250,93.85992997554706,94.63291558659327
251,209.60846497936905,211.93378647232694
252,11.86671030535944,13.372647727105381
253,54.585171094128334,54.049488018977996
254,301.97733372838536,300.12607666025275
255,29.610135544641103,33.827397749712695
256,43.63065212499572,42.65214158019654
257,48.09848126794265,49.64022477886215
258,78.08787538027532,77.64556632125903
259,50.21974663147116,47.98265250302091
260,-142.59399039140123,-129.95348543508587
261,405.82300851020057,403.5446624427714
262,69.04492458333166,69.53083887851267
263,332.61515905199457,331.27117451265104
264,64.73892712696502,65.40199306305553
265,233.01382737655447,230.79487063643865
266,196.93795112237223,196.38940278238587
267,176.94915404348686,176.5462877036866
268,305.7322087158292,324.4897826845831
269,107.9196735084714,107.17216059637369
270,190.46731092732915,192.3888221207452
271,371.8132686977819,371.7516509260937
272,-318.3827341300418,-304.3899046872717
273,7.553346461243784,14.014078025686935
274,80.66717123112464,80.90416438523931
275,339.83700396708326,339.28940546426213
276,469.82919864553435,468.46389095823986
277,-107.07595070706583,-96.67383222660342
278,58.92363993511538,60.544427739387565
279,84.34996861067363,84.29055194685787
280,-55.380178791866065,-56.067392518271525
281,215.35477608262534,214.0334586899432
282,-95.8574155547347,-74.1951122833535
283,155.11695710935138,154.73552742233122
284,55.6330721590867,58.52300419330764
285,286.5596334291448,290.3983871162544
286,199.11933932324223,202.19920774058943
287,216.4104160719101,216.75950340306684
288,195.61115130768843,197.2117505234011
289,960.8726140385897,961.0340665128481
290,397.71800571189533,396.95634212322034
291,571.4806525760197,569.6818889587312
292,74.31695813736914,73.76087069700364
293,376.9034767100564,385.7382717462038
294,536.7037086275794,539.1461331535685
295,-38.29015954792315,-40.48369986220037
296,212.5730490049017,210.47170539225303
297,382.04642828314354,395.5222143759393
298,54.8096778097843,59.8420662010373
299,81.53951517554208,81.36630944819892
300,479.9888156079649,477.86362853622234
301,112.41874681943447,125.8218986083968
302,392.0823801074913,390.3124549845386
303,365.1745372743429,364.74018416369427
304,216.98464500033504,216.5155807246915
305,77.61164117153491,87.68946830934965
306,165.68877810091902,165.3006139986266
307,541.1362880252493,539.3279998480409
308,256.1397881646751,274.01408807610176
309,72.22322862684712,87.04575831944726
310,506.99711590668636,506.6852999199807
311,541.043904474132,539.81677707937
312,223.63437452351266,235.72175582257324
313,177.4650286313356,178.91275872760446
314,136.80804485835674,154.21399274407253
315,20.40018990628642,29.91506423423329
316,710.0624517741682,703.3922320579953
317,238.04275427797725,249.37886317111506
318,100.4852586089165,105.50644748808445
319,2.845873989983957,14.10425720164362
320,407.796260932179,412.401372663959
321,-49.77486031919163,-13.723049859640263
322,40.564351157423246,63.97743589142493
323,961.8638666156937,956.9911503899832
324,259.16591509132957,285.61036811252256
325,-1.607616372563049,4.461102066159729
326,-136.6073365131792,-129.9766452386931
327,704.3569674611693,694.2406235972327
328,103.06709359618739,108.45816134959495
329,-1011.7634214328059,-1047.3431077747023
330,-3.1555353797972714,17.925058622665944
331,547.4767936740942,555.9464723661158
332,116.26040329561374,110.10750779583894
333,67.0004989525235,68.84476067060275
334,9.62834059665974,15.285620988739069
335,191.72335572360794,190.81028464167684
336,92.57135498760384,103.55177800488602
337,64.22800028206274,73.87663431509547
338,1068.2648604863655,1072.3556044974507
339,236.26023958996834,245.80277133249902
340,251.86819620534203,256.5842839471605
341,64.84740531380827,77.74541831370132
342,-27.0598691105072,-35.01510954167998
343,12.744624177529051,38.20597581050328
344,51.05928117055218,69.6073752642592
345,101.2384421267195,112.4550584192581
346,1352.7637268020758,1337.4518295794944
347,845.6138621535656,840.0386990747813
348,63.585173932115694,65.605544565266
349,100.9765619829096,102.6514583234217
350,20.426882832931728,35.03030779507084
351,121.0897462633985,123.93315425484623
352,62.714639049814714,73.72782476860377
353,48.17224019106379,58.42746144794556
354,1141.1893904979436,1154.0760479944722
355,-40.52491176246484,-35.86962646711868
356,172.5500248430992,184.73022027247353
357,-7.063650432456285,1.601791571908521
358,83.1666726081176,87.30257963391666
359,664.7380444358396,693.160216328036
360,19.34252557701352,49.10388151778933
361,-601.1112319333649,-527.9735557361646
362,259.2157146188763,262.4145223556427
363,403.75928433925844,427.82997158924405
364,-201.7207949621841,-190.13300394515278
365,591.1717961226025,617.0039729191802
366,-70.20640294051097,-62.01944815796844
367,150.3695134619914,154.60862708632624
368,-85.6149214598131,-83.57405688746168
369,246.30080397764848,250.6405662261197
370,30.15041167649349,36.50350041402698
371,-46.03932909810531,-48.45404505881804
372,170.70822615235315,181.18725407591282
373,-278.2478541918763,-269.37798550824596
374,-26.72372786177037,-10.213284945910694
375,157.1914179483246,170.84423995808396
376,111.77841067290211,124.06673177245648
377,-117.26809815544104,-99.85221973826228
378,1294.2798420309364,1311.3379820749174
379,981.7856870774173,984.8889611556519
380,552.0011321396064,553.414147457946
381,250.18898127854226,255.04643441014605
382,339.2169132053481,352.28523117779275
383,62.191967562841654,65.79033608171407
384,1278.5664281747995,1273.2709496596776
385,40.51271594984989,62.432189150203484
386,150.11159347145087,148.44768499722574
387,99.40215727071323,114.80779898317923
388,-43.981735131623424,-34.44341805041872
389,158.176017072116,166.84913161005352
390,97.37184184303865,103.63033607057733
391,1157.7908321059558,1164.409432016868
392,-15.067356388886328,-7.086356681872896
393,-136.91561504582177,-128.8281725639097
394,417.20792568936474,438.70561269510347
395,-427.8934166830935,-487.4197570897152
396,111.76052156596977,134.33419294411254
397,72.19977639924127,83.81222371315405
398,3.828573946987376,23.673110705637782
399,222.32309635493115,202.42702739923917
400,1213.2924091233726,1210.4217363972814
401,216.98667008813894,234.28862195280115
402,189.31342739092437,204.98778101746313
403,50.039205435152994,66.48998340322586
404,1089.6626035301242,1107.2692336774367
405,53.7605168302653,70.53341252942367
406,397.6729019133254,402.6962312461591
407,1401.0299918907588,1410.71021970624
408,86.77766619163978,90.24317293063616
409,1056.4894242851642,1046.6377198811772
410,1439.4176103807752,1433.289394827676
411,254.03898648438695,260.1718201428714
412,232.59231336056365,226.3891396128145
413,-3.381806030252349,4.339653249610215
414,6.30864286003731,19.809100471804776
415,262.4840060420386,264.75600731295367
416,-42.318073701135056,-21.713817708643738
417,-49.05112929985765,-19.150830352645215
418,1451.2916583498704,1471.0600906656796
419,-267.0190107410939,-240.5229411323629
420,-8.23502069104606,11.434089775503587
421,1213.6794579652233,1232.275063664064
422,246.06920958159085,273.78602359746964
423,313.7533478928616,321.1986872727035
424,-85.22823802999164,-80.38296974395135
425,-62.113249936237736,-47.640512962110904
426,78.02047862369248,104.27490980719419
427,202.80284396743843,204.3229594819652
428,128.66023696173897,128.11016841139326
429,50.58916943593601,70.54129766991827
430,38.56219379471087,59.981247984515
431,327.6229684436969,316.9051655207594
432,396.8351365713053,398.21533260928175
433,150.48870682662692,142.78082558896537
434,453.903481630565,472.3873014176413
435,149.23973130235208,167.98230910433082
436,76.170518619391,80.11569266840714
437,112.43618002565377,144.00679145246914
438,99.90469445339377,90.8444979991481
439,-168.22099217144674,-130.30976557250585
440,40.222807140505985,59.04472467205477
441,370.73620417772634,382.0776219810715
442,69.63151752462477,93.45444872964165
443,199.79627871760147,224.97650901404586
444,168.49138267141825,178.04365474606163
445,513.4157859016836,515.9614243624525
446,150.51516450296225,161.86982785753247
447,25.98207052841711,45.66991901102753
448,33.92982570156855,48.10532168015558
449,-882.3217062342345,-793.6678710640819
450,71.39856814910421,98.00294484662678
451,102.96113486481997,105.78400067909628
452,303.68562079289904,327.11240772328654
453,56.58901811591568,78.51864290209335
454,-35.40364945548315,-33.75856057547426
455,53.261849745864026,74.57905398502005
456,3.088254921771181,18.483399179867007
457,126.2800158126886,120.06813131055686
458,59.471333104339806,80.32938049403967
459,330.5249075086402,336.73562245025266
460,89.65206280042464,111.42527487123019
461,22.018789910591636,49.171164407828456
462,174.32062492282074,190.24520931024867
463,7.069674813067621,-1.1036075579523015
464,11.964557600075466,10.697349027466828
465,-40.27598060698956,-13.672699678710288
466,239.84188935855195,262.9899655880658
467,25.44485740977055,17.42320839169114
468,-72.76623139367754,-60.771424090493696
469,52.175940436108284,57.0324316721202
470,125.2304070602035,118.32993756644007
471,156.40536188660366,148.44183356655546
472,-125.01196180458788,-99.25855430466676
473,157.24772008040082,173.04642741966433
474,146.10906547208415,146.10557772121615
475,196.72315185471567,218.90089332763017
476,59.759583951863135,63.667831919718054
477,76.66874006683959,66.14059976942468
478,96.09512304851879,85.99038452515897
479,123.36619890794566,120.08348939619219
480,-18.524257242901285,4.283388151835297
481,1645.4590190888405,1669.2633248734285
482,94.31281949370772,85.51135680308762
483,-37.488857172947405,-16.486210854112684
484,353.92209723543823,357.7160311865097
485,300.1555160546286,304.3942442164391
486,207.92339834579496,210.01857757142596
487,589.6089354154847,625.8594091206149
488,265.1850644658452,264.7593678735416
489,368.47584098419975,367.55694548522206
490,246.02891196895746,245.65218606294195
491,26.993976432006264,26.205056153399454
492,84.44673756181372,88.8972158805596
493,19.740308757429077,23.30134666529853
494,101.62534714607516,115.52782473117301
495,177.31904362373905,179.6005527243455
496,514.9190718963536,514.5381092276491
497,232.34560959649298,230.07883849287504
498,333.68857215148057,344.7818935910649
499,540.2862154231935,539.2747580165865
500,289.9021442701069,289.54039221233063
501,116.71664960762146,116.97897461308686
502,653.6929719859113,655.327773474346
503,722.766791393447,719.2745382087271
504,116.46221730749627,126.70533242174324
505,203.174973595633,202.67236957337747
506,-10.886000058783665,-4.8290539572427775
507,-185.25906026387423,-151.0607057063647
508,118.94787716972164,119.78341964781461
509,167.4107562799034,167.2158729146674
510,22.399857423972136,25.67628600674786
511,763.0104344247778,768.5144529087177
512,419.9925718930559,419.6694048542489
513,25.236073721203994,40.50241736884061
514,856.3272012195571,858.6948418064713
515,68.68509336534994,68.43547929557037
516,249.2473004347559,257.8727884758701
517,253.42323271303115,268.97807539730087
518,850.7984852839977,861.352986704828
519,84.26791358875427,94.46098056486056
520,485.57777375422927,485.2095811000363
521,236.59990901183,236.15485848625667
522,190.1073022597639,190.61742185720414
523,40.784557803124194,41.259190096968084
524,163.33644945416003,162.98536615338193
525,236.58131582472663,237.04449139301965
526,530.5399989643829,533.7469568825161
527,196.90895273122663,204.03322029041493
528,364.3930430278807,364.8508090251303
529,486.5954390414057,484.4326313087088
530,35.01194377992151,58.34020201989241
531,239.4164774080743,239.3063935299278
532,105.35144983383101,109.203391963647
533,497.94791309195415,502.12634630276636
534,225.97005460116515,230.5456277849287
535,74.81315971209261,82.43146706759555
536,342.1960756856304,342.8882356455617
537,259.05709375343065,263.25414892527704
538,451.28303873861216,450.92977121200784
539,543.6006016281212,545.706175884544
540,259.96559913769374,272.6531920675265
541,65.28317243468543,73.15994444956625
542,734.2132796366895,735.8108373302725
543,230.8966188852796,236.11564394115578
544,186.59294029413465,186.1647952724025
545,333.6132579702662,380.2662964586816
546,378.22994236150635,379.16797664298826
547,114.96518207113506,116.03003312818656
548,118.48016579305815,123.86038794093517
549,222.2071279234945,227.63706398538406
550,413.7558891074593,413.02350270381237
551,483.7759789235422,486.3493064368071
552,501.4675883470178,500.7828773401413
553,255.56197625270283,259.55941448402916
554,89.7295595995037,102.5801780265131
555,-5.793847851649232,-3.6477404054904667
556,134.93799821773882,130.5019589129678
557,221.5261754287974,246.30946859520412
558,630.3390756234992,629.300018419072
559,925.1097493623126,930.6278340587943
560,175.4927658464319,175.33051278752134
561,284.7311495941378,291.93812372912646
562,431.76840199099695,432.22089453819655
563,502.09630298502873,506.6839019319591
564,462.2250860264245,463.35990797617944
565,437.7871855268306,437.3808689581558
566,254.5286613801793,258.37138540862054
567,360.0829211213825,364.6485053039014
568,203.6944334848575,208.03263580538407
569,207.7925018388136,208.47007751356557
570,243.31000971783195,243.37025256794254
571,116.4999389035011,121.34066442455023
572,361.84514346073826,368.5552393463986
573,39.73114959413776,46.938123729126424
574,181.63503682980965,181.59428219543076
575,210.6058684832114,216.32896126166452
576,869.2743595414956,873.73164349495
577,515.8589108710225,522.5715424196808
578,307.12710052357613,307.1699492824514
579,283.9978088649813,290.91197507763405
580,142.63548864847607,141.981346838462
581,511.0610786303718,519.0484082214011
582,188.3013711178594,193.0451672585752
583,334.9105048905302,334.2273574986036
584,86.31271700993501,91.5672777573289
585,256.9110191685822,260.3274700861223
586,265.8092607141642,273.91041207659157
587,716.1965170880584,712.4928863440733
588,743.3961103554794,743.3459708473249
589,546.3953815862167,550.0885460484494
590,61.25501577877384,62.7057651667927
591,459.3265561912531,476.90624316355974
592,360.1768453609499,352.3071997377107
593,228.56361365416262,228.50876456878626
594,238.08822885829056,238.31729285133218
595,399.8974641551964,397.3907488668169
596,201.36036262121237,201.13024106515263
597,-130.75099269042016,-188.59589478194155
598,355.3310919500482,360.08975200867997
599,172.72434329879866,179.4474327014786
600,246.82787232798682,246.94581158177172
601,183.83953394212477,183.71933578883693
602,305.209987334991,306.36172097645823
603,238.82831584448286,243.10652461944863
604,559.5760041066735,563.6244210748957
605,105.14505545526657,113.36459629439425
606,385.29799397220313,389.02945462395223
607,101.36306634746956,101.88935577575877
608,708.0598486523461,743.5154653615909
609,165.7645960865778,178.97869669048777
610,32.419204109725584,30.34717812913054
611,75.12167868106542,93.61172166884302
612,175.3075575897956,175.6873536448847
613,91.63385881461957,91.45183083679564
614,533.9627989791355,535.8176216791164
615,80.26353262311414,84.7684729118514
616,92.10789539874432,99.44150679312185
617,852.2534048267257,852.1294130238484
618,155.1893868522749,156.3079320251183
619,436.42714635022617,435.76960846698654
620,154.6682170739788,158.06950466519038
621,218.2214269518647,217.46822673480415
622,239.07097809862682,246.64520658284198
623,164.55843861975885,163.63505662787384
624,213.49940697928645,222.46528271281957
625,271.6266027172727,275.6833798052004
626,490.26048559504795,512.8422349345458
627,239.85104879345567,242.38754091617145
628,209.02304254947342,208.70608860977217
629,271.52139681044014,276.06804569905904
630,227.80306863617363,232.983822195406
631,120.78414761722232,139.0846482096832
632,320.4740941575636,319.49368244278855
633,526.8985807882715,525.9111326740854
634,482.996140583939,489.6515801353678
635,414.251209949151,414.2446620073016
636,205.56495914850234,219.8084653716391
637,161.49292413727056,180.2008789713109
638,198.0630648422835,202.32779407910544
639,226.7347653383627,230.48852052247926
640,175.4379340603433,178.20327608114712
641,76.6898323633175,80.75443802152111
642,1010.9418376144937,1024.643385497439
643,262.12140049881754,261.56950326623667
644,190.83345427626992,187.40920171599691
645,241.07300412312267,252.96283731011098
646,-48.32080533858637,-18.67038967940998
647,200.06629395146186,204.6265533079021
648,27.005797564479394,49.15888822851949
649,91.16593388977407,98.5918698972562
650,133.08394737024477,133.7367926116782
651,24.807624291163066,31.668812697445603
652,175.6750341908685,183.1469611960967
653,364.8749222650168,366.82748766047524
654,196.2824304323149,203.84522356641133
655,489.966932151279,507.6636766386248
656,-147.2311161815702,-116.7792152941887
657,243.3425376076984,248.23357806879073
658,-29.938868579081706,-11.491549719421208
659,-37.1050821023144,-32.8902221565016
660,133.28605447350674,134.9743252620458
661,-55.65165861075271,-43.34334519193388
662,404.396498831096,419.71694476848666
663,-37.67026019856709,-37.54303926317097
664,158.32960004756836,174.58429074634546
665,346.201417015949,349.1980475459553
666,50.930251545888495,67.66517615274067
667,262.6499777659063,273.38371736585685
668,-57.50727544384148,-47.40366123399069
669,217.55977559320098,217.50220972127568
670,109.54101737908849,113.2215785825619
671,131.15174896447778,141.17916494080316
672,-16.445359061796992,-11.573629907390277
673,707.093381780482,741.9238144868267
674,-21.284421166010752,-14.30201925442205
675,13.186258260178551,19.418167882957516
676,124.22715984687194,124.90672576457351
677,115.34253416329135,119.55112772287194
678,48.70384934199842,65.18408799951425
679,53.21935724960075,67.53543349703781
680,1248.7057360259212,1249.3025307844982
681,139.2970280537105,143.83251037427655
682,488.1212663586466,493.2365232913665
683,683.9163029814448,697.5322122429905
684,621.9368604520373,630.1723687140804
685,142.585908036592,134.8831821549873
686,220.44908215869032,229.4597654415919
687,236.19413715837996,244.76567714723555
688,111.15746955637783,112.42996467825932
689,235.67685865319294,259.7176456179137
690,370.45578056652033,376.90882033099155
691,67.55512497626329,76.35427195738302
692,-18.582220194507563,-8.711672347790262
693,121.36770417862907,136.8103660452948
694,300.1183720582683,304.6955318746551
695,190.47923474268856,204.03611520490898
696,135.77183568773398,164.54161568975945
697,286.1383797982366,301.06060793032634
698,111.10550111760784,120.64100330366779
699,40.03430309928382,56.530265415153
700,195.47050237699438,198.95485357028934
701,19.972408195484167,21.34376806725521
702,144.39787636694888,155.7127164935507
703,123.3899553668243,125.7544653333638
704,144.98870898742757,148.58736881449778
705,272.1416370582443,289.2630801535519
706,174.59453370211764,177.14441442190616
707,46.348570460693374,58.22899415577295
708,-1.6991117614053195,12.823740212321162
709,139.80027861880086,153.22168050892304
710,-2.7252303522479124,7.9218178515749
711,368.56145111699743,373.9280991766268
712,695.0602904655494,698.3003758508191
713,96.56977698705914,95.55319908807049
714,-753.4932727654668,-690.5079760848339
715,319.54720949601233,329.5539138303601
716,89.06992209103282,92.297866842225
717,-94.14462641428946,-89.78604471835283
718,173.97805661434663,186.01074871381329
719,-0.3717754980825063,19.590111675854313
720,119.45851369876603,134.16539391312938
721,-174.55146925591856,-170.143845953377
722,-51.427435381757306,-40.97902286799594
723,58.17620628430744,61.57040271305155
724,137.73312411833552,143.2146931026778
725,-129.48267080496288,-122.07822561095924
726,305.73405265188245,316.0026225371456
727,254.32490502946098,257.1877476496659
728,144.16080462833253,147.1874631243182
729,162.3697592511302,184.9459083837168
730,650.4700896750275,658.983359840837
731,348.28088673394365,354.5206211045305
732,413.80199448699136,417.8593984286483
733,132.41251713113115,141.97575650645825
734,-120.8772347031601,-88.74098217165731
735,47.6875707770084,52.89026160320719
736,433.4417319977416,447.75226322697677
737,168.26918919068265,168.52025314082783
738,513.661211379006,508.65642547017205
739,692.3316116417025,697.0822933028986
740,80.97936616140359,88.81580068919308
741,146.7529324143328,155.43525303835463
742,341.92291894290054,352.19923459899576
743,-66.49170147239641,-43.26914522672435
744,273.0718071690352,276.07298946891814
745,230.69702921225576,239.94829955380754
746,149.6889321972235,156.2748580159535
747,226.12964991520823,236.9658259746314
748,-205.05415457909953,-169.21918537427274
749,50.536295268854204,66.48755153708437
750,129.78157193568222,132.4313109684739
751,254.1164861021835,257.58643750430764
752,1107.4396437602136,1111.454582175334
753,307.421882397355,316.1647225922773
754,-8.828079493213203,11.459529666433845
755,181.8357671819183,184.09330475574984
756,37.32467728414268,42.90994002488259
757,-74.95312180768121,-72.03244706132213
758,-233.69655183529608,-237.8248231187087
759,48.82296958114278,65.7525739366075
760,106.15543052522048,124.8989136180555
761,25.829619927967506,19.242073984493302
762,263.2756539786791,274.63468732777903
763,-26.56489950999105,-70.87049407362335
764,973.2756591607045,978.7325251196221
765,248.99340705381343,256.36160525715
766,34.27935396135449,52.64277534491137
767,132.61295987215732,146.05552829071559
768,184.83354953527657,194.73972904154084
769,86.14887737259713,102.8242164191818
770,228.18077960368652,236.11166703497162
771,-263.97862418527626,-265.83693178886165
772,397.4565063892037,402.2207185615456
773,163.55219219717918,180.61501120830263
774,241.7300955617379,260.6033977851176
775,1099.256545582695,1110.2080631514946
776,926.2579126801222,942.8922930567671
777,223.8558994626759,221.76963407047793
778,50.99837934579422,57.68134431784809
779,160.44212933249386,162.51973162331706
780,145.01908746532314,147.20741646510697
781,77.95995803668009,94.17568070814279
782,45.89639302311947,57.96226055879676
783,468.23567477977303,477.3613492228174
784,341.18989732324525,346.4787990097489
785,176.31476890684957,185.5606846661478
786,919.5388116788612,918.3447676712932
787,291.2416298582276,312.7251431600017
788,-56.42712337263498,-26.918987811870792
789,267.3029794935897,275.836683147414
790,166.01786727735902,170.81816993134913
791,144.9875678672122,156.21112778197718
792,-379.6347997268829,-364.97911027342
793,18.008970947695616,38.38981589965094
794,273.1353238399468,279.4643870511842
795,364.5297491705109,372.50671011076025
796,-136.96613085791526,-111.86502770490303
797,207.5349033721898,219.4168938630993
798,439.56723373389866,449.8635737690309
799,465.2353489504747,478.5842674184394
800,359.0989325847735,386.88298020437543
801,17.740054312582842,41.59151276865741
802,-137.12169424373653,-135.32951243472698
803,148.4011116813874,166.14092148010758
804,285.00815996010175,301.5557565107955
805,155.6353015140374,156.9754806458843
806,418.0458013035996,430.39647181787717
807,99.92901667428403,107.25592111101918
808,166.9393219645585,172.32895511268862
809,320.8358360809993,320.9495183606819
810,236.60898844255695,241.1739286459229
811,261.4621200589821,273.49063764580933
812,-85.98250959113344,-99.80959510432761
813,32.009877134940886,47.8907806774666
814,1295.2958241475558,1307.3236087804344
815,405.51955921920023,410.26721416417985
816,276.91229830673785,292.7993501246529
817,173.88784024382522,187.23458428693982
818,325.61785099127275,332.1473320105478
819,25.64613497102576,34.77607007066811
820,-119.89640348910717,-106.52458429893207
821,81.07874084087722,88.63110111642466
822,202.9763049972789,221.69272598016445
823,557.0876538422874,561.8741706377083
824,86.49575149949746,88.87301497879483
825,523.0577814506039,527.5840595660475
826,142.33345735402628,143.97362402179033
827,80.75818539061582,92.27619044337986
828,273.80698518110455,279.7923054282212
829,175.61301702567226,199.94495765452928
830,-49.134211703209346,-24.43355307502827
831,694.3886271547924,701.022831098134
832,46.00787333740813,60.3279147211573
833,558.2029033986834,564.4053439188303
834,690.140600288679,682.4566371998243
835,620.5575414765159,623.3015444532431
836,114.70704014936923,119.30017602448832
837,388.15915615678387,392.360755392789
838,451.8705569513559,459.98927347821893
839,234.85107857430387,241.24157666385136
840,25.28209018573631,51.57727917737091
841,359.4291865329168,366.8023387248607
842,105.88572300432773,109.05293556749385
843,633.544276032005,656.5988748731295
844,873.4724352792468,876.792250729783
845,304.3100866535574,306.6413864640065
846,20.03811086718909,20.313821432876026
847,84.60758277188702,105.97052213932128
848,106.28106566045535,118.58633294381589
849,205.08087095767192,212.01665745928406
850,335.09849712555854,339.15790080784194
851,294.51244562774866,304.18098446026613
852,133.56681753036025,138.11675468633146
853,114.9436775548175,127.60147579465861
854,182.28893143728038,188.20965036183128
855,12.082162778032284,24.57685314681649
856,-20.477139160571284,-5.164776816622208
857,196.35139607158794,205.97794541438697
858,184.09933754797902,191.42830250856576
859,305.2993756917996,306.36114957677154
860,62.73917681053576,63.396082565611835
861,239.3967692771185,248.9361141069881
862,119.83156078923939,122.75439558518337
863,104.55871005218395,112.83590051566202
864,65.49564342357141,77.98476574888409
865,150.00446472877076,153.69957828639645
866,119.3317634602876,132.86028150350813
867,-444.34017695785985,-373.4722624584937
868,78.44029587049644,84.28645023137831
869,-24.05962306447941,-17.29747033389353
870,95.25906233920368,98.64327016386731
871,19.26909552160025,42.526709602902386
872,387.33065896615943,403.42504344400913
873,56.6067588504509,68.13134211111667
874,141.2010678991876,162.20188809741427
875,188.5308502202621,188.95652670052425
876,258.6342822320933,266.16673597673764
877,56.103577072383644,98.41037890765945
878,-221.0706237802941,-203.37748681078241
879,101.13422502283132,110.30747072029541
880,109.46761586291052,123.09143051316559
881,-163.3214963643018,-145.47140494106483
882,153.83954929973652,167.36795923302984
883,99.34419580575661,113.63126107973561
884,545.4240669534831,569.2771856793447
885,111.1605775667112,115.15885362486847
886,130.9313746920006,135.07023354409876
887,427.6344347802729,437.8289052223357
888,-19.606209798625315,-17.39558261837103
889,200.24235648623153,201.40857912531746
890,252.88871735678526,255.12569963929522
891,53.89560457673501,57.21302941015992
892,164.43478534135141,169.97401734128593
893,1039.167710887475,1033.9668543838477
894,132.109272377911,136.23294339741724
895,203.71087876798225,222.10165955335023
896,280.23148996767986,281.6375314352674
897,144.69755327081918,165.5529031163095
898,-47.60151701274832,-36.892039401261414
899,77.36533478117698,91.83022414027258
900,-9.974367978749513,16.014774352964913
901,12.04145267759251,26.5046416885168
902,-91.74565082457337,-75.49264959838041
903,-80.55146555777135,-89.43174669889072
904,159.43381378853024,166.1800626238363
905,-169.1034452176027,-137.43980774125626
906,112.53807178295881,120.18582476090384
907,93.93476597905989,88.5881981543715
908,119.1624593766011,137.78851130652683
909,128.7575895528221,130.53860479825886
910,976.8316209218059,974.2284724166564
911,105.42362644149156,108.15473881426553
912,278.25473446261685,280.73100709059224
913,116.12491681383413,120.79149264281064
914,205.64987070620327,204.80166339005405
915,365.1126250248789,375.7628197264534
916,457.40621845454405,467.78293936379663
917,232.52157478892883,237.86636813182108
918,459.39844509610856,464.61898950352816
919,156.5585970830394,157.94247783823
920,248.43124607142045,266.2340967731177
921,304.3181031642045,314.6589264598015
922,246.5850650966227,250.32262604339232
923,45.923119030775254,56.41440208970262
924,322.85448669773905,343.67561469036116
925,605.8284086370702,618.3566405358312
926,252.62876873353173,264.6723814409456
927,132.9855577053613,136.7052239663294
928,370.8994492358903,391.11221803966225
929,103.83684945680606,121.66110114254974
930,668.8166588200916,680.6349017704158
931,61.590460740670835,63.832184852392174
932,78.9875595333174,88.01522600262727
933,139.51985014428013,143.46139101300565
934,483.4347150398893,490.5552470660333
935,219.46655748729728,228.35574136602935
936,139.46718836435002,143.4935076949085
937,92.82534781874166,105.1204678799579
938,-84.88565492251918,-50.45028371818631
939,164.94317517682572,165.1067283713998
940,308.04274211952134,311.82329235941376
941,231.45940753370286,239.10730151336472
942,122.01023130113082,125.99239912076331
943,-89.51569522059,-42.44456018456003
944,218.1811205080724,226.79286651932009
945,180.90761923876164,226.84574795211108
946,10.40820279219021,8.723131332438598
947,156.17751664541402,159.8921318878017
948,1330.45089225969,1328.253895239628
949,249.48304192986234,259.5016816455751
950,170.748449900257,173.81964077553715
951,-49.22664428086422,-39.731406810197726
952,486.03617975468677,490.56785070476974
953,186.0203575120713,190.50208850666309
954,171.5270043360943,175.89354650285233
955,-37.79671885042703,-30.431088772987167
956,1299.0198616158787,1297.3586655118877
957,100.75357617918036,105.32645328503565
958,-57.727834090520005,-28.68146367658906
959,12.626729329101508,19.76041962759524
960,165.0971197624405,173.64730760103257
961,240.1095874981217,245.12612512422228
962,103.03551951956707,131.72988865665974
963,181.970013682182,188.69155891904018
964,93.42545430148083,102.5206729088226
965,243.1465169668658,247.147129879463
966,121.12739159753572,141.38873761516246
967,1090.4621229085517,1076.1554787869643
968,250.9542801757346,262.89747013918145
969,-205.59486626089546,-183.03137761758578
970,109.21592499326923,112.13417780655102
971,80.28883358421962,74.86112479764058
972,94.53465086482524,120.99552994943002
973,397.9759741871995,408.0187331146361
974,219.4384270622725,234.67548684924304
975,232.66332156558127,238.86790979069852
976,277.09323717496187,275.55509871095774
977,-80.88867458966789,-68.77446941935409
978,52.28340318813378,56.72647524667024
979,121.70393374561202,124.52492243063232
980,4.701098206547826,13.737130740400548
981,-43.95810786472849,-52.167353913097116
982,97.08366274955961,110.45785994094442
983,251.08411761890318,254.12578692793875
984,63.02717038238536,66.5881185074451
985,163.4139589754435,178.50016360936633
986,-84.76807481552521,-66.03506780865706
987,138.77209394684806,140.56115205736094
988,42.431277459292396,49.06795676856004
989,228.3970795200467,239.36440451386628
990,122.17187978993813,127.22259639433794
991,86.96565972195671,93.40595561841397
992,26.818742207106858,46.3878740318393
993,88.09448136357213,100.42919341929519
994,1.4405230962277855,33.73461284117132
995,-88.2872593323325,-82.95299676240776
996,152.80606452028354,162.55233065794587
997,121.97891834353442,135.36879234759266
998,120.81559510845813,142.68541184378915
999,163.8049375694509,178.43610650687557
1000,170.66240713351246,183.25609324643375
1001,559.6663351452287,566.1111943066769
1002,153.50577246532026,167.38814443702694
1003,139.7095705042924,141.99086999756074
1004,1118.1945372930525,1112.9346495197751
1005,1219.6334860091174,1235.599674577698
1006,353.4683924250886,361.59371208678124
1007,102.2651544465046,98.51673277401352
1008,235.6037871069883,232.4957880337741
1009,226.6056866008392,232.79756375376314
1010,431.87280351972436,440.3348762592634
1011,161.81158521795368,176.24019746345374
1012,728.0031721914222,738.6711545398792
1013,313.6235099275439,318.14136475401483
1014,109.95732555047714,121.52994825334851
1015,-375.4491403800443,-368.20066418287877
1016,-147.8905331545691,-128.7323776904977
1017,-43.09486098463685,-26.82460207045503
1018,57.72071462514988,51.588339805475556
1019,151.22731422764346,155.27754236103488
1020,40.325362966634444,43.76797367970733
1021,116.83326140351522,131.17135887437715
1022,104.86487634482958,105.96948948871207
1023,227.47401853596557,229.3098265133552
1024,124.5019158424657,127.9886101162771
1025,6.7677835409990905,5.367213633963061
1026,140.3219296342508,144.469149442493
1027,-494.4345238937208,-460.8975289870206
1028,85.77434090876854,84.51049535699867
1029,-15.748878933564448,-15.691943158465328
1030,10.52160552791139,19.584705268593197
1031,-257.7552614438829,-258.3843144071323
1032,61.532331715271404,59.936874265832216
1033,88.66026430554969,95.48448418033402
1034,-119.86223468143538,-120.00070812715379
1035,-183.66357510466014,-180.13275322092744
1036,43.93536081006316,52.39972909948621
1037,87.1544902645891,93.1910686854036
1038,4.736009837175967,-13.347509849479572
1039,79.32068737224905,78.50633543955477
1040,16.57041508674667,15.251827085945543
1041,216.91767748290525,217.5817730609936
1042,50.098789061503254,49.232377139046115
1043,34.09210159610897,33.66781896374751
1044,55.43748102431477,55.132353744620495
1045,252.07580212474818,254.1448630467478
1046,81.34730686262435,82.24843220871702
1047,-49.30914315107389,-46.878305005633145
1048,127.78711631991939,135.85067847808355
1049,-153.41358453301496,-163.77641261682965
1050,-181.04953529226427,-159.70900614826346
1051,-64.19264662465616,-61.31068762568525
1052,68.03135422332568,69.3179909851522
1053,38.88916522168172,36.94253779597008
1054,17.743483715470205,23.26205953725112
1055,11.577852483814354,17.924929556608525
1056,-80.1254434011228,-85.79682655512244
1057,-152.3084700191352,-151.50369912247004
1058,83.58075485445696,85.12125398660189
1059,53.83314012053479,54.29893357440454
1060,35.44581061193723,38.52496865294118
1061,71.32571408891964,70.44370500409566
1062,322.49033314194776,322.3531858329957
1063,118.52391977935672,128.99928835513958
1064,182.86756356900742,184.01939334716906
1065,349.89958689784595,342.2226558483151
1066,91.94124901283361,93.88521614464696
1067,119.63304481846788,122.8114997953466
1068,29.87361051766699,29.372606610651133
1069,273.43041177893156,263.31059352165914
1070,233.31009524789243,235.04095836635932
1071,190.6648579401711,189.92630224531666
1072,104.32446308484268,112.05223256050326
1073,113.13994456343298,112.91104096185376
1074,114.223578887817,112.31466750182089
1075,-77.53133143268978,-75.89957337286904
1076,138.62302772914896,140.86576620656524
1077,133.82392512675398,133.91283727645896
1078,195.98837401127454,202.7164669653505
1079,102.26377710963779,107.12135525820298
1080,416.99122607922436,417.8473028720678
1081,38.97503122415155,40.50231522900617
1082,581.1060843444498,588.9851710477706
1083,99.01997556625727,99.01431186642924
1084,-97.21137106794743,-94.78656697490776
1085,42.53575950595288,33.91660099728697
1086,87.44253240749009,89.07796890669374
1087,-63.73488293998602,-59.816128822919595
1088,-35.093937867663286,-36.05052865858222
1089,-156.90439315580747,-155.269724193811
1090,49.51805137356071,50.28945461749524
1091,75.46435462486752,79.99170942055747
1092,194.4577312556511,194.21547581446958
1093,101.51884514467008,100.03990375941527
1094,96.59737943272307,99.25367086166796
1095,21.826874426043,12.628654560894304
1096,344.4179343507247,352.2431376469927
1097,212.55869145045745,212.7866513344403
1098,125.90448045423886,133.90692283014363
1099,69.94126798595859,69.85445895486082
1100,53.882025015802824,52.556227029482876
1101,253.309805186856,254.01197110739594
1102,27.18989574323706,26.40089850166565
1103,-24.209516314916158,-16.952601876884856
1104,103.31763186762635,115.9998764444412
1105,-57.47133522339655,-54.40406230001511
1106,2.09781271231342,1.4433481229660288
1107,-44.95394497814791,-46.19585909662238
1108,-22.774787728062094,-32.03852205821056
1109,-123.77570722493189,-128.37719702244192
1110,-14.743348173243838,-14.970304705368704
1111,-216.18197041645143,-215.92064741390396
1112,-24.03004677010356,-24.177476609994095
1113,-58.86412164934563,-64.65279671952874
1114,328.07928582781636,327.0782123847295
1115,-173.1448096887089,-177.12179521590687
1116,364.4928689061669,371.78694720070126
1117,22.790811635514828,25.185891860058305
1118,4.960670984021533,12.30552386197509
1119,-307.6081894166767,-289.47943328718833
1120,-90.20234808070569,-91.07317912927431
1121,89.34563866075119,89.88490729110798
1122,48.14302240523295,46.694259830129624
1123,-34.047895290384915,-30.959646986390858
1124,-29.884107120344495,-31.014239999683383
1125,-129.78800093716947,-125.21498739156044
1126,108.24315564467875,73.74036026951615
1127,23.162259336544512,19.335191882743572
1128,247.71047394383027,250.61604683757275
1129,186.94408660167895,188.89162689298567
1130,-176.0884619679444,-169.8946787202197
1131,1698.9056480981124,1703.2149940273391
1132,471.37958821118923,475.3538895199074
1133,574.212674553815,581.3605983991647
1134,11.486214379490654,12.69083067324432
1135,-62.43737950398461,-54.51541229864701
1136,157.1238526823007,158.22918624164396
1137,177.1749535798172,181.7758436403082
1138,4.886035797683981,4.981117197204583
1139,-105.65124917889719,-94.58177591552536
1140,216.81568319057135,217.78451641591528
1141,217.2092238640476,223.07283115943605
1142,252.98735640739537,253.03890638761095
1143,21.65550398797076,25.655323579979168
1144,-2.732981778266634,-9.811661283086252
1145,262.7479050126909,268.01750423868157
1146,95.73796924562751,95.70373384351089
1147,149.89899174445088,151.53185885235916
1148,-20.440011321678483,-25.408474109325255
1149,102.20833975388348,104.6496644751797
1150,485.85820330833155,492.2761455519843
1151,58.91933900552055,60.18257365042635
1152,85.36842079686866,85.17214407418294
1153,5.59152379229112,-27.859675912903043
1154,212.81070233761795,219.67496226799662
1155,-68.1413915918135,-68.90276188056878
1156,474.0190801469014,476.7136806651144
1157,270.9166486102496,273.01507103979566
1158,345.30792192958063,346.10412323924874
1159,212.4558379521985,242.91817075614608
1160,634.455864542357,637.6042632694767
1161,-8.808094676326618,-9.647406172817867
1162,-349.0466943114829,-336.6666476458766
1163,-149.41120192306403,-140.41961794856093
1164,-97.1182712290439,-88.1510503146315
1165,119.96069992563585,121.36345425585864
1166,-82.3549191182249,-56.35849417734735
1167,72.69246060457056,87.19336402417859
1168,299.1794226609728,329.2501449533037
1169,225.86391679360293,230.89968278817022
1170,304.23139751950663,303.9650628663052
1171,34.65503029497201,53.425688103464324
1172,77.85171422163312,78.57968643633114
1173,-2.540829181591249,16.84078179446314
1174,0.6763745678397726,7.702405566022911
1175,11.016126800978089,21.886832377186295
1176,33.20573207951598,36.78656013348713
1177,-129.2234483850571,-119.83889134939795
1178,-210.9894254898304,-204.66861649077055
1179,-3.8591316275682352,0.6702254351783488
1180,627.1704765146609,634.0727704745734
1181,124.20632946794743,123.89754128375249
1182,-12.353815906786892,-1.5084603640446588
1183,176.15072722912532,179.36473772883107
1184,196.84146938879846,195.6001901374931
1185,80.08577124618108,75.97290522209227
1186,411.21401765696487,411.10054675199876
1187,68.54477113174369,71.00811657106263
1188,103.64140589192439,116.73936491366908
1189,630.1067700251926,638.9099088537548
1190,25.477075330654134,35.89106920980993
1191,36.543877348121654,36.7347940263218
1192,85.932182673682,94.40613553559362
1193,154.58523396326137,164.86785656590914
1194,92.26088580600914,106.05894223893944
1195,132.29157313166462,136.75711259209857
1196,-48.85958149874605,-41.246713722675565
1197,136.63658992769308,140.22401449101662
1198,134.27224387784614,137.99372811533476
1199,-181.18230373133855,-186.8024136186826
1200,318.1909498701427,317.9862042339984
1201,33.14162312840703,34.9308524184529
1202,428.0253591036866,429.6194668985205
1203,407.98234111089846,406.76199372878136
1204,-13.432115582819087,-13.157344235752461
1205,181.97227844374294,181.6062303121825
1206,401.02896595741043,396.4223665020542
1207,87.00403694106947,91.6886439768382
1208,119.06692384595901,132.43716461889625
1209,254.66668746978743,257.53080117999565
1210,420.8407144516176,428.2808184897473
1211,-11.595170242331797,10.761161553046648
1212,-118.98089973712189,-107.51800460767484
1213,741.1060771908775,740.9686198094328
1214,1695.1823225243413,1696.7645640139137
1215,403.0612179434052,397.99199726304283
1216,123.0750600169661,145.68635887230462
1217,343.92840325791343,338.39318130856174
1218,172.09843642812658,176.18803448510215
1219,110.69013988201928,129.87893926694787
1220,660.9544944727368,670.9045826254692
1221,169.5272944798424,183.3465279204982
1222,-169.97164573590308,-201.243398433896
1223,483.3126153085775,456.7625166186731
1224,-99.47382250090165,-113.8197163262088
1225,-272.3709942043157,-321.1870239842651
1226,3.8806842577617076,20.620942447112206
1227,108.91421560658063,112.55508823417286
1228,200.10547856556542,209.5148621129257
1229,-50.67083187667649,-39.22724825352901
1230,303.77084694473353,308.8019048740154
1231,-91.16969944031375,-85.10470137862362
1232,-321.0289672065082,-320.70422841499374
1233,143.62964684008247,146.76383928953618
1234,48.26755099475448,50.022496764863554
1235,-448.69741364575054,-420.1737959044459
1236,-114.86640176230776,-126.14230718267262
1237,127.02421178841468,137.59602250914273
1238,329.5575952847172,339.62495279933745
1239,176.52841928413903,183.53572777182
1240,-59.25893949487765,-41.24147601103739
1241,160.51157773197923,163.9102157637712
1242,-17.8099034286289,4.07607182349436
1243,-193.87209270445567,-179.29960282151188
1244,-49.33053871651246,-33.22935852527994
1245,150.1185919797457,154.7781830323401
1246,-424.6257535164127,-408.1248192578969
1247,93.68994354245349,94.74054993393604
1248,282.3897639188238,285.2210033431243
1249,57.88878554521829,71.6951399138032
1250,248.7994188296038,257.0086181940467
1251,470.76292143172157,481.2896588769048
1252,179.07680476122596,188.3742426942647
1253,105.8454060764154,109.76802447172807
1254,44.8627023060712,48.12114962990915
1255,222.57939319570286,230.55213070716945
1256,502.485246360926,503.26640260971254
1257,76.24534170688732,85.63892912903609
1258,90.23806155285654,97.03337425164882
1259,56.53606535938089,68.0154094394141
1260,-104.0226499550703,-97.44598191140747
1261,223.36544963917447,233.69289987993108
1262,65.7199477175889,75.08351792453892
1263,142.63232872651153,151.04319889281666
1264,55.145266510912236,61.55488414574353
1265,-38.587278541008175,-20.475691249280302
1266,-85.55541863830975,-76.1575746559441
1267,-134.49718014954382,-129.33484146868972
1268,34.44779717594652,39.17706686484702
1269,-30.94402091415712,-20.89161500195594
1270,-77.30955028448182,-70.53932054979944
1271,495.40864537127305,507.1457145739549
1272,166.7718391146533,173.3104781564992
1273,26.209508539428494,35.43076762933539
1274,-217.12599006465035,-179.31310646735653
1275,-377.88322988370794,-373.5770370588873
1276,302.84806753147916,306.70135753773855
1277,9.325428216907582,15.556447101477666
1278,-90.8720445639107,-78.94363783073565
1279,11.240509588125207,22.784262905873703
1280,217.04973616440265,224.99729632346862
1281,42.12377445717959,50.95175991180589
1282,72.90953969659114,83.13804604958722
1283,-192.55891773358928,-180.3588749852187
1284,-11.535871725591264,-2.1479469904124073
1285,-32.175229670704184,-7.203473019342624
1286,-229.66399431559574,-216.6369396121713
1287,128.5822649501341,132.0609627184129
1288,229.97222067451634,243.46657723311594
1289,129.8055663605076,138.9589333072913
1290,-28.986857615668228,-17.628089541075255
1291,9.738591755881892,22.12934264687407
1292,207.9302453472609,209.8402481985425
1293,29.004335636678665,28.351831555665946
1294,-70.94045564778162,-61.264695669660114
1295,43.84120160579817,51.33990042746193
1296,-163.0661768191191,-157.67476583435075
1297,-87.19682241495872,-77.85660157210452
1298,-91.76725746823716,-78.19944363499545
1299,51.947471449886535,55.64606271360671
1300,-42.509655907573254,-33.23301312772108
1301,705.8221285243992,711.6602543546512
1302,135.6167951659827,145.49041230972477
1303,102.97004109729411,118.89617544356628
1304,-200.37686028661003,-162.8233710040265
1305,184.07880844554768,192.72495796266725
1306,71.15929591905851,77.52089818795596
1307,191.51336721504123,200.13350318359215
1308,403.93981648133166,405.5146743798048
1309,137.67343952976347,147.7717442349922
1310,122.18953919818506,130.45765639534613
1311,98.78153590076023,109.93608450627654
1312,-99.51708900745724,-94.31787238274389
1313,45.55599608708691,63.423077843316264
1314,179.566206103394,181.74918675265974
1315,288.0220283695044,298.5594076147379
1316,94.98799476745974,103.69216352852118
1317,101.57478536742072,115.13535438822184
1318,-6.693670552244939,8.852315307638179
1319,219.9334018159108,229.92413779080306
1320,96.41118329852186,99.98235922188
1321,145.92049460469957,150.01071543329516
1322,120.66951988629204,130.8111902815494
1323,-492.9217979365415,-486.7831760759471
1324,-29.500217236750913,-6.587062496430079
1325,103.58013653480656,112.30851531858067
1326,187.8631513215217,194.56558010045785
1327,199.32158030968057,203.9602895843787
1328,26.772643224417923,33.72553617746236
1329,272.5456670894502,279.6373997882574
1330,164.62928682748077,182.61524140688454
1331,930.0769973876673,937.4430162664471
1332,203.5852548707008,213.6035578446573
1333,1110.8243401113778,1123.68776074139
1334,-157.42497758015313,-141.84703255019522
1335,207.02206095653736,212.88628553392027
1336,169.99802965437556,178.93824510466948
1337,10.837222579528117,24.951881110252074
1338,14.7054166919648,19.303726427365078
1339,929.590785468079,935.0361637600004
1340,-72.35538944765969,-64.15345901031291
1341,-118.53070722721864,-109.33113004618423
1342,498.01284658069744,502.0728428773031
1343,-482.58205972665706,-461.43927968149967
1344,-187.5009703542954,-177.5767418770172
1345,98.38974638750136,98.3211430337553
1346,13.347372898414406,19.78636935162021
1347,45.418355489069455,57.71947677249308
1348,50.88902780527216,57.38092813385768
1349,-38.43310471781365,-24.094669295299134
1350,21.129664605948573,28.707836211449234
1351,-207.17561858268033,-196.45391205149227
1352,-330.73591371740264,-318.80820453604383
1353,-47.85771261888827,-39.18805898072608
1354,325.96083653629194,333.1023330926579
1355,-294.99810014581243,-284.5518761873987
1356,34.76119866519581,45.542392137708745
1357,444.95388158482467,452.50282583914435
1358,84.90626246057182,91.56664702198312
1359,75.9986545489376,85.15120300871087
1360,485.8458789536675,490.0836157613451
1361,-138.75894967814077,-129.22976662053352
1362,51.879177951386296,52.19198424382114
1363,5.1834851247131795,19.595835220964375
1364,-8.956722896215794,-0.4869070869580767
1365,-154.91666826504334,-150.66100688580048
1366,-139.0540629234149,-129.09253486439766
1367,109.70301106285895,133.22802117712683
1368,879.6451194283551,882.9066151960661
1369,141.66029712804695,152.31549897285635
1370,53.20594002702197,58.0944584581118
1371,110.89823611764965,116.50164654191911
1372,153.65206670865243,156.4496941592614
1373,-213.70159903298685,-207.18908193430983
1374,215.84995349422223,226.0481236079529
1375,-360.1972148089103,-375.51476945709703
1376,-31.625290253809013,-21.68835344745836
1377,-85.3402753765809,-75.0639401196041
1378,74.8644610823541,82.51746641374521
1379,1025.3113305756026,1041.9934282174083
1380,-55.75937576770286,-39.08884520057464
1381,37.71467705762043,38.91816266012013
1382,-231.0986173524117,-216.4234561460057
1383,-411.57510153906907,-405.91372884318895
1384,-17.571159188853724,-7.923380036269911
1385,-18.371045171605317,-8.210766680234286
1386,-225.69757998994322,-211.8908623157102
1387,-7.916238766578104,1.104646820225625
1388,13.292350539292926,17.381562426431785
1389,-238.89074736385865,-228.75521129701474
1390,-59.08825587402641,-43.99702573938294
