"","x"
"1",0
"2",0
"3",0
"4",0
"5",0
"6",0
"7",0
"8",0
"9",0
"10",0
"11",0
"12",0
"13",0
"14",0
"15",0
"16",0
"17",0
"18",0
"19",0
"20",1
"21",1
"22",1
"23",2
"24",2
"25",2
"26",2
"27",2
"28",0
"29",0
"30",0
"31",0
"32",0
"33",0
"34",0
"35",3
"36",3
"37",3
"38",0
"39",0
"40",0
"41",0
"42",0
"43",4
"44",4
"45",5
"46",5
"47",5
"48",0
"49",0
"50",6
"51",6
"52",6
"53",0
"54",0
"55",0
"56",7
"57",7
"58",8
"59",8
"60",9
"61",9
"62",9
"63",10
"64",10
"65",11
"66",11
"67",11
"68",12
"69",12
"70",0
"71",0
"72",13
"73",13
"74",14
"75",14
"76",14
"77",14
"78",0
"79",0
"80",15
"81",15
"82",15
"83",0
"84",0
"85",16
"86",16
"87",16
"88",0
"89",0
"90",17
"91",17
"92",17
"93",18
"94",18
"95",19
"96",19
"97",19
"98",20
"99",20
"100",0
"101",0
"102",0
"103",0
"104",0
"105",0
"106",0
"107",21
"108",21
"109",0
"110",0
"111",22
"112",22
"113",22
"114",22
"115",22
"116",0
"117",0
"118",0
"119",0
"120",0
"121",23
"122",23
"123",24
"124",24
"125",24
"126",24
"127",24
"128",25
"129",25
"130",25
"131",25
"132",25
"133",26
"134",26
"135",0
"136",27
"137",27
"138",27
"139",27
"140",0
"141",28
"142",28
"143",28
"144",28
"145",0
"146",0
"147",29
"148",29
"149",0
"150",30
"151",30
"152",31
"153",31
"154",32
"155",32
"156",0
"157",0
"158",0
"159",0
"160",33
"161",33
"162",33
"163",0
"164",0
"165",34
"166",34
"167",34
"168",35
"169",35
"170",35
"171",0
"172",0
"173",36
"174",36
"175",36
"176",37
"177",37
"178",37
"179",0
"180",38
"181",38
"182",38
"183",0
"184",0
"185",0
"186",0
"187",0
"188",39
"189",39
"190",40
"191",40
"192",40
"193",41
"194",41
"195",0
"196",0
"197",0
"198",42
"199",42
"200",42
"201",0
"202",0
"203",43
"204",43
"205",43
"206",43
"207",43
"208",0
"209",0
"210",44
"211",44
"212",44
"213",45
"214",45
"215",45
"216",45
"217",45
"218",0
"219",0
"220",46
"221",46
"222",0
"223",47
"224",47
"225",48
"226",48
"227",49
"228",49
"229",49
"230",50
"231",50
"232",50
"233",0
"234",51
"235",51
"236",51
"237",0
"238",0
"239",52
"240",52
"241",52
"242",52
"243",53
"244",53
"245",53
"246",0
"247",0
"248",54
"249",54
"250",54
"251",55
"252",55
"253",0
"254",0
"255",56
"256",56
"257",0
"258",0
"259",57
"260",57
"261",58
"262",58
"263",58
"264",58
"265",58
"266",58
"267",58
"268",59
"269",59
"270",60
"271",60
"272",0
"273",61
"274",61
"275",61
"276",0
"277",62
"278",62
"279",62
"280",63
"281",63
"282",63
"283",0
"284",0
"285",64
"286",64
"287",64
"288",65
"289",65
"290",65
"291",65
"292",66
"293",66
"294",66
"295",0
"296",0
"297",0
"298",0
"299",67
"300",67
"301",67
"302",0
"303",0
"304",68
"305",68
"306",68
"307",69
"308",69
"309",69
"310",70
"311",70
"312",70
"313",71
"314",71
"315",71
"316",71
"317",71
"318",0
"319",0
"320",72
"321",72
"322",72
"323",0
"324",73
"325",73
"326",74
"327",74
"328",74
"329",75
"330",75
"331",0
"332",76
"333",76
"334",76
"335",0
"336",77
"337",77
"338",77
"339",77
"340",0
"341",0
"342",78
"343",78
"344",78
"345",79
"346",79
"347",79
"348",79
"349",79
"350",79
"351",79
"352",0
"353",0
"354",80
"355",80
"356",80
"357",0
"358",0
"359",0
"360",81
"361",81
"362",81
"363",82
"364",82
"365",83
"366",83
"367",83
"368",84
"369",84
"370",85
"371",85
"372",86
"373",86
"374",0
"375",0
"376",0
"377",0
"378",0
"379",0
"380",0
"381",0
"382",0
"383",87
"384",87
"385",0
"386",0
"387",0
"388",88
"389",88
"390",88
"391",88
"392",88
"393",88
"394",88
"395",0
"396",0
"397",0
"398",0
"399",0
"400",0
"401",0
"402",0
"403",0
"404",0
"405",0
"406",0
"407",0
"408",89
"409",89
"410",0
"411",0
"412",0
"413",0
"414",0
"415",0
"416",0
"417",0
"418",0
"419",0
"420",0
"421",0
"422",0
"423",0
"424",0
"425",90
"426",90
"427",0
"428",91
"429",91
"430",0
"431",92
"432",92
"433",92
"434",92
"435",0
"436",93
"437",93
"438",93
"439",94
"440",94
"441",94
"442",94
"443",94
"444",0
"445",95
"446",95
"447",95
"448",95
"449",96
"450",96
"451",0
"452",0
"453",97
"454",97
"455",97
"456",97
"457",97
"458",97
"459",97
"460",97
"461",97
"462",0
"463",98
"464",98
"465",99
"466",99
"467",99
"468",0
"469",0
"470",0
"471",0
"472",0
"473",0
"474",0
"475",0
"476",100
"477",100
"478",100
"479",0
"480",101
"481",101
"482",101
"483",102
"484",102
"485",102
"486",102
"487",102
"488",102
"489",102
"490",102
"491",103
"492",103
"493",103
"494",103
"495",0
"496",0
"497",104
"498",104
"499",104
"500",0
"501",0
"502",0
"503",0
"504",0
"505",0
"506",0
"507",105
"508",105
"509",106
"510",106
"511",106
"512",106
"513",0
"514",0
"515",0
"516",0
"517",0
"518",0
"519",0
"520",0
"521",107
"522",107
"523",0
"524",0
"525",0
"526",0
"527",108
"528",108
"529",108
"530",109
"531",109
"532",110
"533",110
"534",110
"535",110
"536",110
"537",110
"538",110
"539",0
"540",0
"541",111
"542",111
"543",0
"544",112
"545",112
"546",112
"547",113
"548",113
"549",113
"550",0
"551",114
"552",114
"553",114
"554",114
"555",114
"556",0
"557",0
"558",0
"559",0
"560",0
"561",0
"562",0
"563",0
"564",0
"565",0
"566",0
"567",0
"568",0
"569",0
"570",0
"571",0
"572",0
"573",0
"574",0
"575",0
"576",0
"577",0
"578",0
"579",0
"580",0
"581",0
"582",0
"583",0
"584",0
"585",0
"586",0
"587",0
"588",115
"589",115
"590",115
"591",115
"592",0
"593",0
"594",0
"595",0
"596",0
"597",0
"598",0
"599",0
"600",0
"601",0
"602",0
"603",0
"604",0
"605",0
"606",0
"607",0
"608",0
"609",0
"610",116
"611",116
"612",116
"613",0
"614",117
"615",117
"616",118
"617",118
"618",118
"619",0
"620",0
"621",0
"622",0
"623",0
"624",0
"625",119
"626",119
"627",119
"628",120
"629",120
"630",120
"631",0
"632",0
"633",0
"634",121
"635",121
"636",0
"637",122
"638",122
"639",122
"640",0
"641",123
"642",123
"643",123
"644",0
"645",124
"646",124
"647",124
"648",0
"649",125
"650",125
"651",125
"652",126
"653",126
"654",126
"655",126
"656",0
"657",127
"658",127
"659",127
"660",128
"661",128
"662",128
"663",129
"664",129
"665",129
"666",0
"667",130
"668",130
"669",130
"670",130
"671",131
"672",131
"673",131
"674",132
"675",132
"676",132
"677",132
"678",132
"679",133
"680",133
"681",134
"682",134
"683",134
"684",135
"685",135
"686",136
"687",136
"688",136
"689",137
"690",137
"691",137
"692",138
"693",138
"694",138
"695",139
"696",139
"697",139
"698",139
"699",140
"700",140
"701",140
"702",0
"703",0
"704",0
"705",141
"706",141
"707",141
"708",142
"709",142
"710",142
"711",143
"712",143
"713",143
"714",144
"715",144
"716",144
"717",145
"718",145
"719",145
"720",146
"721",146
"722",146
"723",147
"724",147
"725",147
"726",148
"727",148
"728",148
"729",149
"730",149
"731",149
"732",0
"733",150
"734",150
"735",150
"736",150
"737",150
"738",150
"739",150
"740",150
"741",150
"742",151
"743",151
"744",151
"745",151
"746",151
"747",0
"748",152
"749",152
"750",152
"751",0
"752",153
"753",153
"754",154
"755",154
"756",154
"757",154
"758",154
"759",154
"760",154
"761",154
"762",155
"763",155
"764",155
"765",0
"766",156
"767",156
"768",156
"769",157
"770",157
"771",157
"772",157
"773",157
"774",0
"775",0
"776",158
"777",158
"778",158
"779",0
"780",159
"781",159
"782",159
"783",159
"784",159
"785",159
"786",160
"787",160
"788",160
"789",0
"790",0
"791",161
"792",161
"793",0
"794",0
"795",162
"796",162
"797",162
"798",163
"799",163
"800",163
"801",0
"802",164
"803",164
"804",164
"805",165
"806",165
"807",0
"808",0
"809",0
"810",0
"811",166
"812",166
"813",166
"814",167
"815",167
"816",167
"817",0
"818",168
"819",168
"820",168
"821",169
"822",169
"823",169
"824",169
"825",169
"826",169
"827",169
"828",170
"829",170
"830",170
"831",170
"832",170
"833",171
"834",171
"835",171
"836",0
"837",172
"838",172
"839",0
"840",0
"841",173
"842",173
"843",173
"844",173
"845",174
"846",174
"847",174
"848",174
"849",174
"850",175
"851",175
"852",0
"853",0
"854",0
"855",0
"856",0
"857",0
"858",0
"859",0
"860",0
"861",0
"862",0
"863",176
"864",176
"865",0
"866",177
"867",177
"868",177
"869",178
"870",178
"871",179
"872",179
"873",179
"874",0
"875",180
"876",180
"877",180
"878",180
"879",180
"880",181
"881",181
"882",181
"883",181
"884",0
"885",182
"886",182
"887",182
"888",0
"889",0
"890",0
"891",0
"892",183
"893",183
"894",183
"895",184
"896",184
"897",184
"898",184
"899",185
"900",185
"901",185
"902",0
"903",186
"904",186
"905",186
"906",187
"907",187
"908",187
"909",188
"910",188
"911",188
"912",188
"913",189
"914",189
"915",189
"916",189
"917",190
"918",190
"919",190
"920",190
"921",0
"922",191
"923",191
"924",191
"925",191
"926",192
"927",192
"928",192
"929",192
"930",192
"931",193
"932",193
"933",193
"934",194
"935",194
"936",194
"937",0
"938",0
"939",195
"940",195
"941",195
"942",0
"943",0
"944",0
"945",196
"946",196
"947",196
"948",196
"949",0
"950",0
"951",0
"952",0
"953",0
"954",0
"955",0
"956",0
"957",0
"958",0
"959",0
"960",0
"961",0
"962",0
"963",0
"964",0
"965",0
"966",0
"967",0
"968",0
"969",0
"970",0
"971",0
"972",0
"973",0
"974",0
"975",0
"976",0
"977",0
"978",0
"979",0
"980",0
"981",0
"982",0
"983",0
"984",0
"985",0
"986",197
"987",197
"988",0
"989",0
"990",198
"991",198
"992",198
"993",198
"994",198
"995",199
"996",199
"997",199
"998",199
"999",199
"1000",199
"1001",200
"1002",200
"1003",200
"1004",0
"1005",0
"1006",201
"1007",201
"1008",201
"1009",202
"1010",202
"1011",0
"1012",0
"1013",0
"1014",0
"1015",0
"1016",203
"1017",203
"1018",204
"1019",204
"1020",205
"1021",205
"1022",0
"1023",0
"1024",0
"1025",0
"1026",0
"1027",0
"1028",0
"1029",0
"1030",206
"1031",206
"1032",0
"1033",0
"1034",0
"1035",207
"1036",207
"1037",207
"1038",207
"1039",208
"1040",208
"1041",209
"1042",209
"1043",209
"1044",209
"1045",209
"1046",210
"1047",210
"1048",210
"1049",210
"1050",211
"1051",211
"1052",211
"1053",0
"1054",212
"1055",212
"1056",0
"1057",0
"1058",213
"1059",213
"1060",214
"1061",214
"1062",214
"1063",0
"1064",215
"1065",215
"1066",215
"1067",216
"1068",216
"1069",217
"1070",217
"1071",217
"1072",217
"1073",217
"1074",218
"1075",218
"1076",218
"1077",218
"1078",218
"1079",218
"1080",219
"1081",219
"1082",220
"1083",220
"1084",220
"1085",0
"1086",221
"1087",221
"1088",221
"1089",222
"1090",222
"1091",222
"1092",222
"1093",222
"1094",222
"1095",223
"1096",223
"1097",223
"1098",0
"1099",0
"1100",0
"1101",224
"1102",224
"1103",224
"1104",0
"1105",225
"1106",225
"1107",225
"1108",225
"1109",225
"1110",0
"1111",0
"1112",226
"1113",226
"1114",226
"1115",0
"1116",227
"1117",227
"1118",227
"1119",227
"1120",0
"1121",228
"1122",228
"1123",228
"1124",228
"1125",228
"1126",228
"1127",0
"1128",229
"1129",229
"1130",229
"1131",229
"1132",0
"1133",0
"1134",0
"1135",230
"1136",230
"1137",230
"1138",0
"1139",231
"1140",231
"1141",231
"1142",231
"1143",231
"1144",232
"1145",232
"1146",233
"1147",233
"1148",234
"1149",234
"1150",0
"1151",0
"1152",0
"1153",0
"1154",235
"1155",235
"1156",235
"1157",236
"1158",236
"1159",0
"1160",0
"1161",237
"1162",237
"1163",237
"1164",238
"1165",238
"1166",0
"1167",239
"1168",239
"1169",0
"1170",240
"1171",240
"1172",240
"1173",240
"1174",240
"1175",0
"1176",0
"1177",241
"1178",241
"1179",241
"1180",241
"1181",242
"1182",242
"1183",242
"1184",243
"1185",243
"1186",243
"1187",0
"1188",244
"1189",244
"1190",244
"1191",245
"1192",245
"1193",245
"1194",246
"1195",246
"1196",246
"1197",246
"1198",247
"1199",247
"1200",247
"1201",0
"1202",0
"1203",248
"1204",248
"1205",249
"1206",249
"1207",249
"1208",0
"1209",250
"1210",250
"1211",251
"1212",251
"1213",251
"1214",251
"1215",0
"1216",252
"1217",252
"1218",252
"1219",253
"1220",253
"1221",0
"1222",254
"1223",254
"1224",254
"1225",255
"1226",255
"1227",256
"1228",256
"1229",256
"1230",256
"1231",256
"1232",256
"1233",256
"1234",257
"1235",257
"1236",257
"1237",0
"1238",258
"1239",258
"1240",258
"1241",258
"1242",258
"1243",0
"1244",259
"1245",259
"1246",0
"1247",0
"1248",0
"1249",0
"1250",0
"1251",0
"1252",0
"1253",0
"1254",0
"1255",0
"1256",0
"1257",0
"1258",0
"1259",0
"1260",0
"1261",0
"1262",0
"1263",0
"1264",0
"1265",260
"1266",260
"1267",260
"1268",261
"1269",261
"1270",261
"1271",261
"1272",262
"1273",262
"1274",262
"1275",262
"1276",262
"1277",263
"1278",263
"1279",263
"1280",0
"1281",264
"1282",264
"1283",265
"1284",265
"1285",265
"1286",0
"1287",266
"1288",266
"1289",266
"1290",266
"1291",266
"1292",266
"1293",0
"1294",267
"1295",267
"1296",267
"1297",0
"1298",0
"1299",268
"1300",268
"1301",269
"1302",269
"1303",269
"1304",269
"1305",0
"1306",0
"1307",270
"1308",270
"1309",270
"1310",0
"1311",271
"1312",271
"1313",271
"1314",272
"1315",272
"1316",272
"1317",0
"1318",0
"1319",273
"1320",273
"1321",274
"1322",274
"1323",274
"1324",274
"1325",275
"1326",275
"1327",275
"1328",0
"1329",276
"1330",276
"1331",276
"1332",0
"1333",0
"1334",277
"1335",277
"1336",277
"1337",277
"1338",0
"1339",0
"1340",278
"1341",278
"1342",279
"1343",279
"1344",279
"1345",279
"1346",279
"1347",0
"1348",0
"1349",280
"1350",280
"1351",280
"1352",280
"1353",281
"1354",281
"1355",281
"1356",282
"1357",282
"1358",283
"1359",283
"1360",283
"1361",0
"1362",0
"1363",0
"1364",0
"1365",284
"1366",284
"1367",284
"1368",284
"1369",0
"1370",0
"1371",285
"1372",285
"1373",286
"1374",286
"1375",286
"1376",0
"1377",287
"1378",287
"1379",287
"1380",0
"1381",288
"1382",288
"1383",288
"1384",0
"1385",0
"1386",289
"1387",289
"1388",289
"1389",289
"1390",289
"1391",0
"1392",290
"1393",290
"1394",291
"1395",291
"1396",292
"1397",292
"1398",292
"1399",293
"1400",293
"1401",293
"1402",0
"1403",0
"1404",0
"1405",294
"1406",294
"1407",294
"1408",0
"1409",0
"1410",295
"1411",295
"1412",295
"1413",296
"1414",296
"1415",296
"1416",297
"1417",297
"1418",297
"1419",0
"1420",298
"1421",298
"1422",299
"1423",299
"1424",299
"1425",300
"1426",300
"1427",300
"1428",300
"1429",301
"1430",301
"1431",301
"1432",302
"1433",302
"1434",302
"1435",303
"1436",303
"1437",0
"1438",304
"1439",304
"1440",304
"1441",305
"1442",305
"1443",305
"1444",0
"1445",306
"1446",306
"1447",306
"1448",306
"1449",307
"1450",307
"1451",0
"1452",308
"1453",308
"1454",308
"1455",308
"1456",308
"1457",309
"1458",309
"1459",309
"1460",0
"1461",310
"1462",310
"1463",0
"1464",0
"1465",311
"1466",311
"1467",311
"1468",311
"1469",311
"1470",312
"1471",312
"1472",312
"1473",313
"1474",313
"1475",313
"1476",0
"1477",0
"1478",0
"1479",314
"1480",314
"1481",314
"1482",314
"1483",315
"1484",315
"1485",315
"1486",0
"1487",316
"1488",316
"1489",316
"1490",317
"1491",317
"1492",318
"1493",318
"1494",318
"1495",319
"1496",319
"1497",319
"1498",319
"1499",319
"1500",320
"1501",320
"1502",320
"1503",321
"1504",321
"1505",321
"1506",322
"1507",322
"1508",322
"1509",0
"1510",323
"1511",323
"1512",323
"1513",324
"1514",324
"1515",324
"1516",324
"1517",0
"1518",325
"1519",325
"1520",326
"1521",326
"1522",326
"1523",327
"1524",327
"1525",327
"1526",328
"1527",328
"1528",328
"1529",0
"1530",0
"1531",329
"1532",329
"1533",329
"1534",0
"1535",330
"1536",330
"1537",330
"1538",331
"1539",331
"1540",332
"1541",332
"1542",332
"1543",0
"1544",0
"1545",0
"1546",0
"1547",333
"1548",333
"1549",0
"1550",0
"1551",334
"1552",334
"1553",334
"1554",334
"1555",0
"1556",0
"1557",335
"1558",335
"1559",335
"1560",0
"1561",336
"1562",336
"1563",337
"1564",337
"1565",337
"1566",0
"1567",338
"1568",338
"1569",338
"1570",339
"1571",339
"1572",339
"1573",340
"1574",340
"1575",341
"1576",341
"1577",341
"1578",341
"1579",341
"1580",342
"1581",342
"1582",342
"1583",342
"1584",343
"1585",343
"1586",343
"1587",344
"1588",344
"1589",344
"1590",0
"1591",345
"1592",345
"1593",345
"1594",0
"1595",0
"1596",346
"1597",346
"1598",346
"1599",0
"1600",347
"1601",347
"1602",347
"1603",0
"1604",0
"1605",0
"1606",0
"1607",0
"1608",348
"1609",348
"1610",348
"1611",348
"1612",348
"1613",0
"1614",349
"1615",349
"1616",349
"1617",0
"1618",350
"1619",350
"1620",351
"1621",351
"1622",352
"1623",352
"1624",352
"1625",353
"1626",353
"1627",0
"1628",354
"1629",354
"1630",354
"1631",354
"1632",355
"1633",355
"1634",355
"1635",0
"1636",356
"1637",356
"1638",356
"1639",357
"1640",357
"1641",0
"1642",358
"1643",358
"1644",358
"1645",359
"1646",359
"1647",359
"1648",0
"1649",0
"1650",360
"1651",360
"1652",360
"1653",361
"1654",361
"1655",361
"1656",361
"1657",362
"1658",362
"1659",362
"1660",362
"1661",362
"1662",363
"1663",363
"1664",364
"1665",364
"1666",364
"1667",365
"1668",365
"1669",365
"1670",365
"1671",365
"1672",0
"1673",0
"1674",366
"1675",366
"1676",0
"1677",367
"1678",367
"1679",367
"1680",368
"1681",368
"1682",368
"1683",368
"1684",368
"1685",368
"1686",368
"1687",368
"1688",0
"1689",369
"1690",369
"1691",369
"1692",0
"1693",370
"1694",370
"1695",370
"1696",370
"1697",370
"1698",370
"1699",370
"1700",0
"1701",371
"1702",371
"1703",371
"1704",372
"1705",372
"1706",372
"1707",373
"1708",373
"1709",373
"1710",0
"1711",374
"1712",374
"1713",374
"1714",0
"1715",375
"1716",375
"1717",375
"1718",376
"1719",376
"1720",376
"1721",0
"1722",377
"1723",377
"1724",377
"1725",377
"1726",0
"1727",378
"1728",378
"1729",378
"1730",378
"1731",378
"1732",0
"1733",379
"1734",379
"1735",379
"1736",380
"1737",380
"1738",380
"1739",381
"1740",381
"1741",381
"1742",382
"1743",382
"1744",382
"1745",0
"1746",0
"1747",0
"1748",383
"1749",383
"1750",383
"1751",383
"1752",0
"1753",384
"1754",384
"1755",0
"1756",385
"1757",385
"1758",386
"1759",386
"1760",387
"1761",387
"1762",388
"1763",388
"1764",388
"1765",388
"1766",389
"1767",389
"1768",390
"1769",390
"1770",390
"1771",0
"1772",0
"1773",0
"1774",391
"1775",391
"1776",391
"1777",0
"1778",392
"1779",392
"1780",0
"1781",393
"1782",393
"1783",393
"1784",394
"1785",394
"1786",395
"1787",395
"1788",395
"1789",395
"1790",395
"1791",395
"1792",0
"1793",396
"1794",396
"1795",396
"1796",396
"1797",0
"1798",397
"1799",397
"1800",397
"1801",398
"1802",398
"1803",398
"1804",0
"1805",399
"1806",399
"1807",400
"1808",400
"1809",400
"1810",401
"1811",401
"1812",402
"1813",402
"1814",402
"1815",403
"1816",403
"1817",403
"1818",0
"1819",404
"1820",404
"1821",404
"1822",405
"1823",405
"1824",406
"1825",406
"1826",406
"1827",0
"1828",407
"1829",407
"1830",0
"1831",408
"1832",408
"1833",408
"1834",408
"1835",408
"1836",0
"1837",409
"1838",409
"1839",409
"1840",0
"1841",410
"1842",410
"1843",410
"1844",411
"1845",411
"1846",0
"1847",412
"1848",412
"1849",412
"1850",413
"1851",413
"1852",413
"1853",0
"1854",0
"1855",414
"1856",414
"1857",0
"1858",0
"1859",0
"1860",0
"1861",415
"1862",415
"1863",415
"1864",415
"1865",415
"1866",415
"1867",0
"1868",0
"1869",416
"1870",416
"1871",417
"1872",417
"1873",418
"1874",418
"1875",0
"1876",0
"1877",419
"1878",419
"1879",419
"1880",0
"1881",420
"1882",420
"1883",420
"1884",0
"1885",0
"1886",421
"1887",421
"1888",421
"1889",422
"1890",422
"1891",422
"1892",0
"1893",423
"1894",423
"1895",423
"1896",424
"1897",424
"1898",425
"1899",425
"1900",425
"1901",0
"1902",426
"1903",426
"1904",0
"1905",427
"1906",427
"1907",427
"1908",0
"1909",428
"1910",428
"1911",428
"1912",0
"1913",429
"1914",429
"1915",429
"1916",0
"1917",0
"1918",430
"1919",430
"1920",430
"1921",430
"1922",430
"1923",430
"1924",431
"1925",431
"1926",0
"1927",0
"1928",432
"1929",432
"1930",432
"1931",433
"1932",433
"1933",433
"1934",434
"1935",434
"1936",434
"1937",434
"1938",434
"1939",434
"1940",434
"1941",434
"1942",434
"1943",434
"1944",434
"1945",434
"1946",0
"1947",0
"1948",435
"1949",435
"1950",435
"1951",436
"1952",436
"1953",436
"1954",436
"1955",436
"1956",436
"1957",436
"1958",436
"1959",436
"1960",437
"1961",437
"1962",437
"1963",437
"1964",437
"1965",437
"1966",438
"1967",438
"1968",0
"1969",439
"1970",439
"1971",439
"1972",439
"1973",440
"1974",440
"1975",440
"1976",0
"1977",0
"1978",441
"1979",441
"1980",441
"1981",442
"1982",442
"1983",442
"1984",442
"1985",442
"1986",0
"1987",0
"1988",443
"1989",443
"1990",444
"1991",444
"1992",444
"1993",444
"1994",444
"1995",445
"1996",445
"1997",0
"1998",0
"1999",0
"2000",446
"2001",446
"2002",446
"2003",0
"2004",447
"2005",447
"2006",0
"2007",448
"2008",448
"2009",0
"2010",0
"2011",0
"2012",0
"2013",449
"2014",449
"2015",449
"2016",0
"2017",450
"2018",450
"2019",451
"2020",451
"2021",451
"2022",451
"2023",452
"2024",452
"2025",0
"2026",453
"2027",453
"2028",453
"2029",453
"2030",453
"2031",0
"2032",454
"2033",454
"2034",454
"2035",0
"2036",0
"2037",455
"2038",455
"2039",456
"2040",456
"2041",456
"2042",457
"2043",457
"2044",457
"2045",0
"2046",458
"2047",458
"2048",458
"2049",458
"2050",458
"2051",459
"2052",459
"2053",459
"2054",460
"2055",460
"2056",460
"2057",460
"2058",0
"2059",461
"2060",461
"2061",461
"2062",462
"2063",462
"2064",462
"2065",463
"2066",463
"2067",463
"2068",464
"2069",464
"2070",464
"2071",0
"2072",465
"2073",465
"2074",465
"2075",0
"2076",466
"2077",466
"2078",466
"2079",0
"2080",467
"2081",467
"2082",467
"2083",0
"2084",468
"2085",468
"2086",468
"2087",0
"2088",0
"2089",0
"2090",469
"2091",469
"2092",470
"2093",470
"2094",471
"2095",471
"2096",471
"2097",0
"2098",0
"2099",472
"2100",472
"2101",0
"2102",0
"2103",473
"2104",473
"2105",473
"2106",473
"2107",474
"2108",474
"2109",475
"2110",475
"2111",475
"2112",475
"2113",475
"2114",0
"2115",476
"2116",476
"2117",476
"2118",477
"2119",477
"2120",477
"2121",478
"2122",478
"2123",478
"2124",479
"2125",479
"2126",479
"2127",479
"2128",479
"2129",480
"2130",480
"2131",480
"2132",0
"2133",481
"2134",481
"2135",481
"2136",482
"2137",482
"2138",482
"2139",0
"2140",483
"2141",483
"2142",483
"2143",484
"2144",484
"2145",484
"2146",0
"2147",0
"2148",0
"2149",0
"2150",0
"2151",0
"2152",485
"2153",485
"2154",485
"2155",485
"2156",0
"2157",486
"2158",486
"2159",486
"2160",0
"2161",487
"2162",487
"2163",488
"2164",488
"2165",488
"2166",0
"2167",489
"2168",489
"2169",489
"2170",490
"2171",490
"2172",490
"2173",0
"2174",0
"2175",0
"2176",0
"2177",0
"2178",491
"2179",491
"2180",491
"2181",0
"2182",0
"2183",0
"2184",0
"2185",492
"2186",492
"2187",492
"2188",492
"2189",0
"2190",0
"2191",493
"2192",493
"2193",493
"2194",494
"2195",494
"2196",494
"2197",495
"2198",495
"2199",495
"2200",0
"2201",496
"2202",496
"2203",496
"2204",0
"2205",497
"2206",497
"2207",498
"2208",498
"2209",498
"2210",0
"2211",499
"2212",499
"2213",499
"2214",0
"2215",500
"2216",500
"2217",500
"2218",0
"2219",501
"2220",501
"2221",502
"2222",502
"2223",502
"2224",502
"2225",0
"2226",0
"2227",0
"2228",503
"2229",503
"2230",503
"2231",0
"2232",504
"2233",504
"2234",504
"2235",505
"2236",505
"2237",505
"2238",0
"2239",0
"2240",0
"2241",0
"2242",0
"2243",0
"2244",0
"2245",0
"2246",0
"2247",0
"2248",0
"2249",0
"2250",0
"2251",0
"2252",0
"2253",0
"2254",0
"2255",0
"2256",0
"2257",506
"2258",506
"2259",506
"2260",0
"2261",507
"2262",507
"2263",0
"2264",0
"2265",0
"2266",508
"2267",508
"2268",0
"2269",0
"2270",0
"2271",0
"2272",509
"2273",509
"2274",509
"2275",0
"2276",0
"2277",0
"2278",510
"2279",510
"2280",510
"2281",0
"2282",511
"2283",511
"2284",511
"2285",0
"2286",512
"2287",512
"2288",0
"2289",0
"2290",513
"2291",513
"2292",513
"2293",513
"2294",0
"2295",514
"2296",514
"2297",515
"2298",515
"2299",516
"2300",516
"2301",517
"2302",517
"2303",517
"2304",0
"2305",518
"2306",518
"2307",518
"2308",518
"2309",0
"2310",519
"2311",519
"2312",519
"2313",519
"2314",519
"2315",519
"2316",519
"2317",519
"2318",0
"2319",520
"2320",520
"2321",520
"2322",521
"2323",521
"2324",522
"2325",522
"2326",522
"2327",0
"2328",523
"2329",523
"2330",523
"2331",523
"2332",0
"2333",524
"2334",524
"2335",524
"2336",0
"2337",525
"2338",525
"2339",525
"2340",525
"2341",526
"2342",526
"2343",526
"2344",526
"2345",527
"2346",527
"2347",527
"2348",527
"2349",527
"2350",527
"2351",527
"2352",527
"2353",528
"2354",528
"2355",528
"2356",529
"2357",529
"2358",530
"2359",530
"2360",530
"2361",0
"2362",0
"2363",531
"2364",531
"2365",532
"2366",532
"2367",532
"2368",533
"2369",533
"2370",534
"2371",534
"2372",535
"2373",535
"2374",0
"2375",0
"2376",536
"2377",536
"2378",536
"2379",0
"2380",537
"2381",537
"2382",0
"2383",0
"2384",0
"2385",0
"2386",0
"2387",538
"2388",538
"2389",0
"2390",539
"2391",539
"2392",539
"2393",0
"2394",0
"2395",0
"2396",540
"2397",540
"2398",540
"2399",541
"2400",541
"2401",541
"2402",0
"2403",542
"2404",542
"2405",542
"2406",543
"2407",543
"2408",543
"2409",543
"2410",543
"2411",543
"2412",0
"2413",0
"2414",544
"2415",544
"2416",544
"2417",544
"2418",0
"2419",545
"2420",545
"2421",0
"2422",0
"2423",546
"2424",546
"2425",546
"2426",547
"2427",547
"2428",547
"2429",0
"2430",0
"2431",548
"2432",548
"2433",549
"2434",549
"2435",550
"2436",550
"2437",550
"2438",551
"2439",551
"2440",0
"2441",552
"2442",552
"2443",552
"2444",0
"2445",0
"2446",553
"2447",553
"2448",553
"2449",0
"2450",0
"2451",0
"2452",554
"2453",554
"2454",554
"2455",554
"2456",554
"2457",555
"2458",555
"2459",555
"2460",556
"2461",556
"2462",556
"2463",0
"2464",0
"2465",557
"2466",557
"2467",557
"2468",557
"2469",557
"2470",557
"2471",557
"2472",557
"2473",0
"2474",558
"2475",558
"2476",558
"2477",0
"2478",559
"2479",559
"2480",559
"2481",0
"2482",0
"2483",0
"2484",560
"2485",560
"2486",560
"2487",560
"2488",0
"2489",0
"2490",561
"2491",561
"2492",561
"2493",0
"2494",562
"2495",562
"2496",562
"2497",562
"2498",0
"2499",563
"2500",563
"2501",0
"2502",564
"2503",564
"2504",564
"2505",564
"2506",565
"2507",565
"2508",565
"2509",565
"2510",566
"2511",566
"2512",566
"2513",567
"2514",567
"2515",0
"2516",0
"2517",0
"2518",568
"2519",568
"2520",568
"2521",0
"2522",0
"2523",0
"2524",0
"2525",0
"2526",569
"2527",569
"2528",0
"2529",0
"2530",0
"2531",0
"2532",570
"2533",570
"2534",570
"2535",0
"2536",571
"2537",571
"2538",571
"2539",572
"2540",572
"2541",572
"2542",573
"2543",573
"2544",573
"2545",573
"2546",0
"2547",0
"2548",574
"2549",574
"2550",0
"2551",0
"2552",575
"2553",575
"2554",575
"2555",575
"2556",576
"2557",576
"2558",576
"2559",576
"2560",577
"2561",577
"2562",577
"2563",577
"2564",578
"2565",578
"2566",578
"2567",0
"2568",579
"2569",579
"2570",579
"2571",580
"2572",580
"2573",580
"2574",581
"2575",581
"2576",581
"2577",0
"2578",582
"2579",582
"2580",0
"2581",0
"2582",583
"2583",583
"2584",583
"2585",583
"2586",0
"2587",584
"2588",584
"2589",0
"2590",585
"2591",585
"2592",585
"2593",586
"2594",586
"2595",0
"2596",0
"2597",587
"2598",587
"2599",587
"2600",0
"2601",588
"2602",588
"2603",0
"2604",589
"2605",589
"2606",0
"2607",0
"2608",590
"2609",590
"2610",591
"2611",591
"2612",591
"2613",592
"2614",592
"2615",593
"2616",593
"2617",593
"2618",594
"2619",594
"2620",594
"2621",595
"2622",595
"2623",0
"2624",0
"2625",596
"2626",596
"2627",0
"2628",597
"2629",597
"2630",597
"2631",597
"2632",0
"2633",598
"2634",598
"2635",0
"2636",599
"2637",599
"2638",599
"2639",0
"2640",600
"2641",600
"2642",600
"2643",600
"2644",600
"2645",600
"2646",0
"2647",601
"2648",601
"2649",0
"2650",0
"2651",0
"2652",0
"2653",0
"2654",0
"2655",602
"2656",602
"2657",602
"2658",602
"2659",0
"2660",603
"2661",603
"2662",0
"2663",604
"2664",604
"2665",604
"2666",604
"2667",0
"2668",605
"2669",605
"2670",605
"2671",0
"2672",606
"2673",606
"2674",607
"2675",607
"2676",607
"2677",0
"2678",0
"2679",608
"2680",608
"2681",608
"2682",0
"2683",609
"2684",609
"2685",610
"2686",610
"2687",610
"2688",610
"2689",610
"2690",611
"2691",611
"2692",611
"2693",612
"2694",612
"2695",612
"2696",613
"2697",613
"2698",613
"2699",613
"2700",614
"2701",614
"2702",614
"2703",0
"2704",615
"2705",615
"2706",615
"2707",615
"2708",616
"2709",616
"2710",616
"2711",617
"2712",617
"2713",617
"2714",0
"2715",0
"2716",618
"2717",618
"2718",618
"2719",618
"2720",618
"2721",0
"2722",0
"2723",619
"2724",619
"2725",619
"2726",0
"2727",620
"2728",620
"2729",620
"2730",621
"2731",621
"2732",621
"2733",621
"2734",0
"2735",622
"2736",622
"2737",622
"2738",0
"2739",0
"2740",623
"2741",623
"2742",623
"2743",624
"2744",624
"2745",624
"2746",625
"2747",625
"2748",625
"2749",626
"2750",626
"2751",626
"2752",0
"2753",627
"2754",627
"2755",627
"2756",628
"2757",628
"2758",629
"2759",629
"2760",629
"2761",0
"2762",0
"2763",630
"2764",630
"2765",631
"2766",631
"2767",631
"2768",0
"2769",632
"2770",632
"2771",632
"2772",633
"2773",633
"2774",633
"2775",0
"2776",634
"2777",634
"2778",634
"2779",0
"2780",635
"2781",635
"2782",635
"2783",636
"2784",636
"2785",637
"2786",637
"2787",0
"2788",638
"2789",638
"2790",638
"2791",639
"2792",639
"2793",639
"2794",639
"2795",0
"2796",640
"2797",640
"2798",640
"2799",640
"2800",640
"2801",641
"2802",641
"2803",641
"2804",642
"2805",642
"2806",642
"2807",643
"2808",643
"2809",643
"2810",644
"2811",644
"2812",644
"2813",645
"2814",645
"2815",0
"2816",0
"2817",646
"2818",646
"2819",646
"2820",646
"2821",647
"2822",647
"2823",647
"2824",0
"2825",648
"2826",648
"2827",0
"2828",0
"2829",649
"2830",649
"2831",649
"2832",649
"2833",0
"2834",650
"2835",650
"2836",650
"2837",651
"2838",651
"2839",652
"2840",652
"2841",652
"2842",653
"2843",653
"2844",653
"2845",0
"2846",654
"2847",654
"2848",654
"2849",0
"2850",655
"2851",655
"2852",655
"2853",0
"2854",0
"2855",0
"2856",656
"2857",656
"2858",656
"2859",656
"2860",657
"2861",657
"2862",657
"2863",0
"2864",658
"2865",658
"2866",658
"2867",659
"2868",659
"2869",0
"2870",0
"2871",0
"2872",660
"2873",660
"2874",660
"2875",660
"2876",660
"2877",0
"2878",661
"2879",661
"2880",661
"2881",0
"2882",0
"2883",0
"2884",662
"2885",662
"2886",662
"2887",663
"2888",663
"2889",663
"2890",663
"2891",663
"2892",663
"2893",664
"2894",664
"2895",664
"2896",0
"2897",0
"2898",0
"2899",665
"2900",665
"2901",665
"2902",665
"2903",666
"2904",666
"2905",667
"2906",667
"2907",667
"2908",668
"2909",668
"2910",0
"2911",0
"2912",0
"2913",669
"2914",669
"2915",670
"2916",670
"2917",670
"2918",670
"2919",670
"2920",670
"2921",670
"2922",670
"2923",671
"2924",671
"2925",671
"2926",671
"2927",672
"2928",672
"2929",672
"2930",672
"2931",673
"2932",673
"2933",673
"2934",0
"2935",0
"2936",0
"2937",674
"2938",674
"2939",674
"2940",675
"2941",675
"2942",676
"2943",676
"2944",677
"2945",677
"2946",677
"2947",678
"2948",678
"2949",678
"2950",678
"2951",0
"2952",0
"2953",679
"2954",679
"2955",680
"2956",680
"2957",680
"2958",681
"2959",681
"2960",681
"2961",682
"2962",682
"2963",682
"2964",683
"2965",683
"2966",0
"2967",684
"2968",684
"2969",685
"2970",685
"2971",685
"2972",686
"2973",686
"2974",0
"2975",0
"2976",687
"2977",687
"2978",687
"2979",687
"2980",687
"2981",0
"2982",688
"2983",688
"2984",688
"2985",689
"2986",689
"2987",689
"2988",689
"2989",689
"2990",689
"2991",0
"2992",690
"2993",690
"2994",690
"2995",691
"2996",691
"2997",691
"2998",691
"2999",0
"3000",0
"3001",692
"3002",692
"3003",692
"3004",0
"3005",693
"3006",693
"3007",694
"3008",694
"3009",694
"3010",694
"3011",0
"3012",0
"3013",695
"3014",695
"3015",695
"3016",695
"3017",695
"3018",0
"3019",696
"3020",696
"3021",0
"3022",697
"3023",697
"3024",697
"3025",697
"3026",697
"3027",698
"3028",698
"3029",699
"3030",699
"3031",699
"3032",700
"3033",700
"3034",700
"3035",0
"3036",0
"3037",701
"3038",701
"3039",702
"3040",702
"3041",703
"3042",703
"3043",703
"3044",0
"3045",704
"3046",704
"3047",704
"3048",705
"3049",705
"3050",0
"3051",706
"3052",706
"3053",706
"3054",706
"3055",0
"3056",707
"3057",707
"3058",708
"3059",708
"3060",708
"3061",709
"3062",709
"3063",0
"3064",710
"3065",710
"3066",710
"3067",711
"3068",711
"3069",712
"3070",712
"3071",712
"3072",712
"3073",713
"3074",713
"3075",0
"3076",714
"3077",714
"3078",714
"3079",715
"3080",715
"3081",716
"3082",716
"3083",0
"3084",717
"3085",717
"3086",717
"3087",717
"3088",718
"3089",718
"3090",718
"3091",0
"3092",0
"3093",0
"3094",0
"3095",0
"3096",0
"3097",0
"3098",0
"3099",0
"3100",719
"3101",719
"3102",719
"3103",0
"3104",720
"3105",720
"3106",720
"3107",720
"3108",721
"3109",721
"3110",722
"3111",722
"3112",722
"3113",0
"3114",723
"3115",723
"3116",723
"3117",0
"3118",0
"3119",724
"3120",724
"3121",724
"3122",725
"3123",725
"3124",725
"3125",725
"3126",0
"3127",726
"3128",726
"3129",726
"3130",726
"3131",0
"3132",727
"3133",727
"3134",728
"3135",728
"3136",729
"3137",729
"3138",729
"3139",729
"3140",730
"3141",730
"3142",730
"3143",0
"3144",731
"3145",731
"3146",732
"3147",732
"3148",732
"3149",732
"3150",0
"3151",733
"3152",733
"3153",733
"3154",733
"3155",733
"3156",734
"3157",734
"3158",734
"3159",735
"3160",735
"3161",735
"3162",736
"3163",736
"3164",736
"3165",736
"3166",0
"3167",0
"3168",737
"3169",737
"3170",737
"3171",738
"3172",738
"3173",738
"3174",738
"3175",738
"3176",738
"3177",738
"3178",739
"3179",739
"3180",739
"3181",0
"3182",0
"3183",740
"3184",740
"3185",740
"3186",741
"3187",741
"3188",741
"3189",0
"3190",0
"3191",742
"3192",742
"3193",742
"3194",0
"3195",743
"3196",743
"3197",744
"3198",744
"3199",0
"3200",745
"3201",745
"3202",745
"3203",745
"3204",745
"3205",745
"3206",745
"3207",0
"3208",746
"3209",746
"3210",746
"3211",746
"3212",0
"3213",0
"3214",0
"3215",747
"3216",747
"3217",747
"3218",748
"3219",748
"3220",748
"3221",748
"3222",749
"3223",749
"3224",749
"3225",749
"3226",749
"3227",749
"3228",749
"3229",749
"3230",750
"3231",750
"3232",750
"3233",0
"3234",0
"3235",751
"3236",751
"3237",751
"3238",751
"3239",751
"3240",0
"3241",752
"3242",752
"3243",0
"3244",753
"3245",753
"3246",753
"3247",754
"3248",754
"3249",754
"3250",754
"3251",754
"3252",754
"3253",0
"3254",755
"3255",755
"3256",755
"3257",755
"3258",755
"3259",0
"3260",756
"3261",756
"3262",0
"3263",0
"3264",0
"3265",0
"3266",0
"3267",757
"3268",757
"3269",757
"3270",757
"3271",757
"3272",757
"3273",757
"3274",0
"3275",0
"3276",0
"3277",758
"3278",758
"3279",759
"3280",759
"3281",759
"3282",760
"3283",760
"3284",0
"3285",0
"3286",0
"3287",761
"3288",761
"3289",761
"3290",0
"3291",762
"3292",762
"3293",762
"3294",763
"3295",763
"3296",764
"3297",764
"3298",764
"3299",0
"3300",765
"3301",765
"3302",766
"3303",766
"3304",766
"3305",767
"3306",767
"3307",768
"3308",768
"3309",768
"3310",0
"3311",769
"3312",769
"3313",770
"3314",770
"3315",770
"3316",771
"3317",771
"3318",771
"3319",771
"3320",771
"3321",772
"3322",772
"3323",772
"3324",773
"3325",773
"3326",773
"3327",0
"3328",0
"3329",774
"3330",774
"3331",774
"3332",774
"3333",774
"3334",0
"3335",0
"3336",0
"3337",0
"3338",775
"3339",775
"3340",775
"3341",0
"3342",776
"3343",776
"3344",776
"3345",0
"3346",777
"3347",777
"3348",0
"3349",778
"3350",778
"3351",778
"3352",778
"3353",778
"3354",779
"3355",779
"3356",779
"3357",0
"3358",0
"3359",780
"3360",780
"3361",780
"3362",0
"3363",781
"3364",781
"3365",781
"3366",781
"3367",781
"3368",0
"3369",782
"3370",782
"3371",782
"3372",0
"3373",783
"3374",783
"3375",783
"3376",784
"3377",784
"3378",785
"3379",785
"3380",785
"3381",785
"3382",0
"3383",0
"3384",0
"3385",786
"3386",786
"3387",786
"3388",0
"3389",787
"3390",787
"3391",787
"3392",0
"3393",788
"3394",788
"3395",788
"3396",789
"3397",789
"3398",789
"3399",789
"3400",790
"3401",790
"3402",790
"3403",0
"3404",791
"3405",791
"3406",791
"3407",0
"3408",792
"3409",792
"3410",792
"3411",793
"3412",793
"3413",793
"3414",794
"3415",794
"3416",794
"3417",794
"3418",794
"3419",0
"3420",795
"3421",795
"3422",795
"3423",796
"3424",796
"3425",796
"3426",797
"3427",797
"3428",797
"3429",0
"3430",798
"3431",798
"3432",0
"3433",799
"3434",799
"3435",0
"3436",800
"3437",800
"3438",800
"3439",0
"3440",0
"3441",801
"3442",801
"3443",801
"3444",801
"3445",802
"3446",802
"3447",0
"3448",803
"3449",803
"3450",803
"3451",804
"3452",804
"3453",804
"3454",804
"3455",0
"3456",805
"3457",805
"3458",805
"3459",805
"3460",0
"3461",0
"3462",806
"3463",806
"3464",806
"3465",807
"3466",807
"3467",807
"3468",0
"3469",808
"3470",808
"3471",808
"3472",808
"3473",808
"3474",809
"3475",809
"3476",810
"3477",810
"3478",810
"3479",0
"3480",0
"3481",811
"3482",811
"3483",811
"3484",811
"3485",811
"3486",811
"3487",811
"3488",811
"3489",811
"3490",811
"3491",812
"3492",812
"3493",0
"3494",0
"3495",0
"3496",0
"3497",0
"3498",0
"3499",0
"3500",0
"3501",0
"3502",0
"3503",0
"3504",0
"3505",0
"3506",0
"3507",813
"3508",813
"3509",813
"3510",814
"3511",814
"3512",814
"3513",0
"3514",0
"3515",815
"3516",815
"3517",815
"3518",816
"3519",816
"3520",816
"3521",0
"3522",0
"3523",817
"3524",817
"3525",817
"3526",0
"3527",818
"3528",818
"3529",818
"3530",0
"3531",0
"3532",819
"3533",819
"3534",0
"3535",0
"3536",820
"3537",820
"3538",820
"3539",0
"3540",821
"3541",821
"3542",821
"3543",822
"3544",822
"3545",822
"3546",823
"3547",823
"3548",823
"3549",823
"3550",824
"3551",824
"3552",824
"3553",825
"3554",825
"3555",825
"3556",0
"3557",0
"3558",0
"3559",826
"3560",826
"3561",826
"3562",827
"3563",827
"3564",827
"3565",828
"3566",828
"3567",828
"3568",828
"3569",829
"3570",829
"3571",829
"3572",830
"3573",830
"3574",830
"3575",831
"3576",831
"3577",831
"3578",832
"3579",832
"3580",832
"3581",832
"3582",0
"3583",0
"3584",833
"3585",833
"3586",834
"3587",834
"3588",0
"3589",0
"3590",0
"3591",0
"3592",0
"3593",0
"3594",0
"3595",0
"3596",0
"3597",0
"3598",0
"3599",0
"3600",0
"3601",0
"3602",0
"3603",0
"3604",835
"3605",835
"3606",0
"3607",0
"3608",0
"3609",0
"3610",0
"3611",0
"3612",0
"3613",0
"3614",0
"3615",0
"3616",0
"3617",0
"3618",0
"3619",0
"3620",0
"3621",0
"3622",0
"3623",0
"3624",0
"3625",0
"3626",0
"3627",0
"3628",0
"3629",0
"3630",0
"3631",0
"3632",0
"3633",0
"3634",0
"3635",0
"3636",0
"3637",0
"3638",0
"3639",0
"3640",0
"3641",0
"3642",0
"3643",0
"3644",0
"3645",0
"3646",0
"3647",0
"3648",0
"3649",0
"3650",0
"3651",0
"3652",0
"3653",0
"3654",0
"3655",0
"3656",0
"3657",0
"3658",0
"3659",0
"3660",836
"3661",836
"3662",0
"3663",0
"3664",0
"3665",0
"3666",0
"3667",0
"3668",0
"3669",0
"3670",0
"3671",0
"3672",0
"3673",0
"3674",0
"3675",0
"3676",0
"3677",0
"3678",0
"3679",0
"3680",0
"3681",0
"3682",0
"3683",0
"3684",0
"3685",0
"3686",0
"3687",0
"3688",0
"3689",0
"3690",0
"3691",0
"3692",0
"3693",0
"3694",0
"3695",0
"3696",0
"3697",0
"3698",0
"3699",0
"3700",0
"3701",837
"3702",837
"3703",0
"3704",0
"3705",0
"3706",0
"3707",0
"3708",0
"3709",0
"3710",0
"3711",838
"3712",838
"3713",0
"3714",0
"3715",0
"3716",0
"3717",0
"3718",0
"3719",0
"3720",0
"3721",0
"3722",0
"3723",0
"3724",0
"3725",0
"3726",0
"3727",0
"3728",0
"3729",0
"3730",0
"3731",0
"3732",0
"3733",0
"3734",0
"3735",0
"3736",0
"3737",0
"3738",0
"3739",0
"3740",0
"3741",0
"3742",0
"3743",0
"3744",0
"3745",0
"3746",0
"3747",0
"3748",839
"3749",839
"3750",839
"3751",0
"3752",0
"3753",0
"3754",0
"3755",0
"3756",0
"3757",0
"3758",0
"3759",0
"3760",0
"3761",0
"3762",0
"3763",0
"3764",0
"3765",0
"3766",0
"3767",0
"3768",0
"3769",0
"3770",0
"3771",0
"3772",0
"3773",0
"3774",0
"3775",0
"3776",0
"3777",0
"3778",0
"3779",0
"3780",0
"3781",0
"3782",0
"3783",0
"3784",0
"3785",0
"3786",0
"3787",0
"3788",0
"3789",0
"3790",0
"3791",0
"3792",0
"3793",0
"3794",0
"3795",0
"3796",0
"3797",0
"3798",840
"3799",840
"3800",0
"3801",841
"3802",841
"3803",0
"3804",0
"3805",0
"3806",0
"3807",0
"3808",0
"3809",0
"3810",0
"3811",0
"3812",0
"3813",0
"3814",0
"3815",0
"3816",0
"3817",0
"3818",0
"3819",0
"3820",0
"3821",0
"3822",0
"3823",0
"3824",0
"3825",0
"3826",0
"3827",842
"3828",842
"3829",843
"3830",843
"3831",843
"3832",843
"3833",0
"3834",0
"3835",0
"3836",0
"3837",0
"3838",0
"3839",0
"3840",0
"3841",0
"3842",0
"3843",0
"3844",0
"3845",0
"3846",0
"3847",0
"3848",0
"3849",0
"3850",0
"3851",0
"3852",0
"3853",0
"3854",0
"3855",0
"3856",0
"3857",0
"3858",0
"3859",0
"3860",844
"3861",844
"3862",844
"3863",844
"3864",844
"3865",844
"3866",844
"3867",844
"3868",844
"3869",844
"3870",844
"3871",844
"3872",845
"3873",845
"3874",845
"3875",0
"3876",0
"3877",0
"3878",0
"3879",0
"3880",0
"3881",0
"3882",0
"3883",0
"3884",0
"3885",0
"3886",0
"3887",0
"3888",0
"3889",0
"3890",0
"3891",0
"3892",0
"3893",0
"3894",0
"3895",0
"3896",0
"3897",0
"3898",0
"3899",0
"3900",0
"3901",0
"3902",0
"3903",0
"3904",0
"3905",0
"3906",0
"3907",0
"3908",0
"3909",0
"3910",846
"3911",846
"3912",846
"3913",0
"3914",0
"3915",0
"3916",847
"3917",847
"3918",847
"3919",847
"3920",847
"3921",848
"3922",848
"3923",848
"3924",848
"3925",0
"3926",0
"3927",849
"3928",849
"3929",849
"3930",849
"3931",849
"3932",850
"3933",850
"3934",850
"3935",851
"3936",851
"3937",851
"3938",851
"3939",851
"3940",851
"3941",0
"3942",852
"3943",852
"3944",0
"3945",853
"3946",853
"3947",0
"3948",0
"3949",0
"3950",0
"3951",0
"3952",0
"3953",854
"3954",854
"3955",854
"3956",855
"3957",855
"3958",855
"3959",856
"3960",856
"3961",856
"3962",856
"3963",856
"3964",856
"3965",856
"3966",856
"3967",856
"3968",0
"3969",0
"3970",0
"3971",0
"3972",0
"3973",0
"3974",0
"3975",0
"3976",0
"3977",857
"3978",857
"3979",857
"3980",858
"3981",858
"3982",858
"3983",858
"3984",0
"3985",859
"3986",859
"3987",859
"3988",860
"3989",860
"3990",860
"3991",861
"3992",861
"3993",0
"3994",0
"3995",0
"3996",0
"3997",0
"3998",0
"3999",0
"4000",0
"4001",0
"4002",0
"4003",0
"4004",0
"4005",0
"4006",0
"4007",0
"4008",0
"4009",0
"4010",862
"4011",862
"4012",0
"4013",863
"4014",863
"4015",863
"4016",863
"4017",863
"4018",863
"4019",0
"4020",0
"4021",0
"4022",864
"4023",864
"4024",864
"4025",864
"4026",864
"4027",864
"4028",865
"4029",865
"4030",865
"4031",865
"4032",866
"4033",866
"4034",866
"4035",0
"4036",867
"4037",867
"4038",867
"4039",868
"4040",868
"4041",0
"4042",869
"4043",869
"4044",869
"4045",0
"4046",0
"4047",0
"4048",0
"4049",0
"4050",870
"4051",870
"4052",870
"4053",870
"4054",870
"4055",870
"4056",871
"4057",871
"4058",871
"4059",871
"4060",871
"4061",871
"4062",0
"4063",0
"4064",872
"4065",872
"4066",872
"4067",872
"4068",872
"4069",872
"4070",0
"4071",873
"4072",873
"4073",873
"4074",0
"4075",0
"4076",874
"4077",874
"4078",874
"4079",875
"4080",875
"4081",875
"4082",875
"4083",875
"4084",875
"4085",875
"4086",875
"4087",0
"4088",876
"4089",876
"4090",876
"4091",877
"4092",877
"4093",878
"4094",878
"4095",878
"4096",878
"4097",0
"4098",879
"4099",879
"4100",0
"4101",0
"4102",0
"4103",880
"4104",880
"4105",880
"4106",0
"4107",0
"4108",0
"4109",0
"4110",0
"4111",0
"4112",0
"4113",0
"4114",0
"4115",881
"4116",881
"4117",881
"4118",881
"4119",0
"4120",0
"4121",882
"4122",882
"4123",883
"4124",883
"4125",0
"4126",884
"4127",884
"4128",884
"4129",884
"4130",884
"4131",884
"4132",884
"4133",884
"4134",885
"4135",885
"4136",885
"4137",0
"4138",886
"4139",886
"4140",886
"4141",886
"4142",887
"4143",887
"4144",887
"4145",0
"4146",0
"4147",0
"4148",0
"4149",0
"4150",0
"4151",0
"4152",0
"4153",0
"4154",0
"4155",0
"4156",0
"4157",0
"4158",0
"4159",0
"4160",0
"4161",0
"4162",0
"4163",0
"4164",0
"4165",0
"4166",0
"4167",0
"4168",0
"4169",0
"4170",0
"4171",0
"4172",0
"4173",0
"4174",0
"4175",0
"4176",0
"4177",0
"4178",0
"4179",888
"4180",888
"4181",0
"4182",0
"4183",0
"4184",0
"4185",0
"4186",0
"4187",0
"4188",0
"4189",0
"4190",0
"4191",0
"4192",0
"4193",0
"4194",0
"4195",0
"4196",0
"4197",0
"4198",0
"4199",0
"4200",889
"4201",889
"4202",889
"4203",889
"4204",889
"4205",889
"4206",890
"4207",890
"4208",890
"4209",891
"4210",891
"4211",891
"4212",892
"4213",892
"4214",0
"4215",0
"4216",893
"4217",893
"4218",893
"4219",0
"4220",0
"4221",0
"4222",0
"4223",0
"4224",0
"4225",0
"4226",0
"4227",0
"4228",0
"4229",0
"4230",0
"4231",0
"4232",0
"4233",0
"4234",0
"4235",0
"4236",0
"4237",0
"4238",0
"4239",0
"4240",0
"4241",0
"4242",0
"4243",0
"4244",0
"4245",0
"4246",0
"4247",0
"4248",0
"4249",0
"4250",0
"4251",0
"4252",0
"4253",0
"4254",0
"4255",0
"4256",0
"4257",0
"4258",0
"4259",0
"4260",0
"4261",0
"4262",0
"4263",0
"4264",0
"4265",0
"4266",0
"4267",0
"4268",0
"4269",0
"4270",0
"4271",0
"4272",0
"4273",0
"4274",0
"4275",894
"4276",894
"4277",894
"4278",894
"4279",894
"4280",894
"4281",894
"4282",894
"4283",894
"4284",0
"4285",0
"4286",0
"4287",0
"4288",895
"4289",895
"4290",0
"4291",0
"4292",896
"4293",896
"4294",897
"4295",897
"4296",897
"4297",0
"4298",0
"4299",0
"4300",0
"4301",0
"4302",0
"4303",0
"4304",898
"4305",898
"4306",0
"4307",0
"4308",0
"4309",0
"4310",0
"4311",0
"4312",0
"4313",0
"4314",0
"4315",0
"4316",0
"4317",0
"4318",0
"4319",0
"4320",0
"4321",0
"4322",0
"4323",0
"4324",0
"4325",0
"4326",0
"4327",0
"4328",0
"4329",0
"4330",899
"4331",899
"4332",899
"4333",899
"4334",899
"4335",899
"4336",899
"4337",899
"4338",899
"4339",900
"4340",900
"4341",900
"4342",900
"4343",900
"4344",0
"4345",901
"4346",901
"4347",0
"4348",0
"4349",0
"4350",902
"4351",902
"4352",902
"4353",902
"4354",902
"4355",902
"4356",902
"4357",0
"4358",0
"4359",0
"4360",903
"4361",903
"4362",903
"4363",903
"4364",903
"4365",903
"4366",903
"4367",903
"4368",0
"4369",0
"4370",0
"4371",0
"4372",0
"4373",0
"4374",0
"4375",0
"4376",0
"4377",0
"4378",0
"4379",0
"4380",0
"4381",0
"4382",0
"4383",0
"4384",0
"4385",0
"4386",0
"4387",0
"4388",0
"4389",0
"4390",0
"4391",0
"4392",904
"4393",904
"4394",904
"4395",0
"4396",0
"4397",0
"4398",0
"4399",0
"4400",0
"4401",0
"4402",0
"4403",0
"4404",0
"4405",0
"4406",0
"4407",0
"4408",0
"4409",0
"4410",0
"4411",0
"4412",0
"4413",0
"4414",0
"4415",0
"4416",905
"4417",905
"4418",0
"4419",0
"4420",0
"4421",0
"4422",0
"4423",0
"4424",0
"4425",0
"4426",0
"4427",0
"4428",0
"4429",0
"4430",0
"4431",0
"4432",0
"4433",0
"4434",0
"4435",0
"4436",0
"4437",0
"4438",0
"4439",0
"4440",0
"4441",0
"4442",0
"4443",0
"4444",0
"4445",0
"4446",0
"4447",0
"4448",0
"4449",0
"4450",0
"4451",906
"4452",906
"4453",906
"4454",906
"4455",906
"4456",906
"4457",906
"4458",906
"4459",0
"4460",0
"4461",907
"4462",907
"4463",907
"4464",908
"4465",908
"4466",908
"4467",908
"4468",908
"4469",0
"4470",909
"4471",909
"4472",0
"4473",0
"4474",910
"4475",910
"4476",911
"4477",911
"4478",912
"4479",912
"4480",912
"4481",912
"4482",912
"4483",912
"4484",912
"4485",912
"4486",913
"4487",913
"4488",913
"4489",913
"4490",914
"4491",914
"4492",914
"4493",915
"4494",915
"4495",915
"4496",915
"4497",915
"4498",915
"4499",916
"4500",916
"4501",916
"4502",916
"4503",0
"4504",917
"4505",917
"4506",0
"4507",0
"4508",0
"4509",918
"4510",918
"4511",918
"4512",918
"4513",918
"4514",918
"4515",918
"4516",919
"4517",919
"4518",919
"4519",0
"4520",0
"4521",0
"4522",0
"4523",0
"4524",0
"4525",0
"4526",0
"4527",0
"4528",920
"4529",920
"4530",0
"4531",0
"4532",0
"4533",921
"4534",921
"4535",0
"4536",922
"4537",922
"4538",922
"4539",923
"4540",923
"4541",923
"4542",923
"4543",923
"4544",0
"4545",924
"4546",924
"4547",924
"4548",924
"4549",925
"4550",925
"4551",925
"4552",926
"4553",926
"4554",927
"4555",927
"4556",927
"4557",928
"4558",928
"4559",928
"4560",0
"4561",929
"4562",929
"4563",929
"4564",929
"4565",0
"4566",0
"4567",0
"4568",0
"4569",0
"4570",0
"4571",0
"4572",0
"4573",0
"4574",930
"4575",930
"4576",930
"4577",930
"4578",930
"4579",0
"4580",0
"4581",0
"4582",0
"4583",0
"4584",0
"4585",0
"4586",0
"4587",0
"4588",0
"4589",0
"4590",0
"4591",0
"4592",0
"4593",0
"4594",0
"4595",0
"4596",0
"4597",0
"4598",0
"4599",0
"4600",0
"4601",0
"4602",0
"4603",0
"4604",0
"4605",0
"4606",0
"4607",0
"4608",0
"4609",0
"4610",0
"4611",0
"4612",0
"4613",0
"4614",0
"4615",0
"4616",0
"4617",0
"4618",0
"4619",931
"4620",931
"4621",931
"4622",931
"4623",931
"4624",931
"4625",0
"4626",932
"4627",932
"4628",0
"4629",0
"4630",0
"4631",933
"4632",933
"4633",933
"4634",933
"4635",933
"4636",933
"4637",933
"4638",933
"4639",934
"4640",934
"4641",934
"4642",935
"4643",935
"4644",935
"4645",936
"4646",936
"4647",936
"4648",936
"4649",936
"4650",0
"4651",937
"4652",937
"4653",937
"4654",938
"4655",938
"4656",938
"4657",939
"4658",939
"4659",939
"4660",939
"4661",940
"4662",940
"4663",940
"4664",940
"4665",940
"4666",0
"4667",0
"4668",0
"4669",0
"4670",941
"4671",941
"4672",942
"4673",942
"4674",943
"4675",943
"4676",943
"4677",943
"4678",944
"4679",944
"4680",0
"4681",0
"4682",0
"4683",0
"4684",945
"4685",945
"4686",945
"4687",945
"4688",945
"4689",945
"4690",945
"4691",945
"4692",945
"4693",945
"4694",945
"4695",946
"4696",946
"4697",946
"4698",946
"4699",946
"4700",946
"4701",946
"4702",0
"4703",947
"4704",947
"4705",0
"4706",0
"4707",0
"4708",0
"4709",948
"4710",948
"4711",948
"4712",948
"4713",0
"4714",0
"4715",949
"4716",949
"4717",949
"4718",949
"4719",949
"4720",949
"4721",949
"4722",949
"4723",0
"4724",0
"4725",0
"4726",950
"4727",950
"4728",950
"4729",950
"4730",950
"4731",950
"4732",951
"4733",951
"4734",0
"4735",0
"4736",0
"4737",0
"4738",0
"4739",0
"4740",0
"4741",0
"4742",0
"4743",0
"4744",0
"4745",0
"4746",0
"4747",0
"4748",0
"4749",0
"4750",0
"4751",0
"4752",0
"4753",0
"4754",0
"4755",0
"4756",0
"4757",0
"4758",0
"4759",0
"4760",0
"4761",0
"4762",0
"4763",0
"4764",0
"4765",0
"4766",0
"4767",0
"4768",0
"4769",0
"4770",0
"4771",0
"4772",0
"4773",0
"4774",0
"4775",0
"4776",0
"4777",0
"4778",0
"4779",0
"4780",0
"4781",0
"4782",0
"4783",0
"4784",0
"4785",0
"4786",0
"4787",0
"4788",0
"4789",0
"4790",0
"4791",0
"4792",0
"4793",0
"4794",0
"4795",0
"4796",0
"4797",0
"4798",0
"4799",0
"4800",0
"4801",0
"4802",0
"4803",952
"4804",952
"4805",0
"4806",0
"4807",0
"4808",0
"4809",0
"4810",953
"4811",953
"4812",953
"4813",0
"4814",954
"4815",954
"4816",954
"4817",0
"4818",955
"4819",955
"4820",955
"4821",955
"4822",955
"4823",956
"4824",956
"4825",956
"4826",0
"4827",0
"4828",957
"4829",957
"4830",957
"4831",957
"4832",957
"4833",957
"4834",957
"4835",957
"4836",958
"4837",958
"4838",958
"4839",959
"4840",959
"4841",959
"4842",0
"4843",960
"4844",960
"4845",960
"4846",960
"4847",961
"4848",961
"4849",961
"4850",962
"4851",962
"4852",962
"4853",963
"4854",963
"4855",963
"4856",963
"4857",963
"4858",0
"4859",0
"4860",0
"4861",0
"4862",0
"4863",0
"4864",0
"4865",0
"4866",0
"4867",0
"4868",0
"4869",0
"4870",0
"4871",0
"4872",0
"4873",964
"4874",964
"4875",964
"4876",964
"4877",964
"4878",964
"4879",0
"4880",0
"4881",0
"4882",0
"4883",0
"4884",0
"4885",0
"4886",0
"4887",0
"4888",0
"4889",0
"4890",0
"4891",0
"4892",0
"4893",0
"4894",0
"4895",965
"4896",965
"4897",966
"4898",966
"4899",966
"4900",967
"4901",967
"4902",967
"4903",967
"4904",967
"4905",0
"4906",968
"4907",968
"4908",968
"4909",969
"4910",969
"4911",969
"4912",969
"4913",969
"4914",0
"4915",0
"4916",970
"4917",970
"4918",970
"4919",970
"4920",0
"4921",971
"4922",971
"4923",971
"4924",972
"4925",972
"4926",972
"4927",0
"4928",0
"4929",0
"4930",0
"4931",0
"4932",0
"4933",0
"4934",0
"4935",0
"4936",0
"4937",0
"4938",0
"4939",0
"4940",0
"4941",0
"4942",0
"4943",0
"4944",0
"4945",0
"4946",0
"4947",0
"4948",0
"4949",0
"4950",0
"4951",0
"4952",0
"4953",0
"4954",0
"4955",0
"4956",0
"4957",0
"4958",0
"4959",0
"4960",0
"4961",0
"4962",0
"4963",0
"4964",0
"4965",0
"4966",0
"4967",973
"4968",973
"4969",973
"4970",974
"4971",974
"4972",974
"4973",974
"4974",974
"4975",0
"4976",975
"4977",975
"4978",975
"4979",0
"4980",0
"4981",0
"4982",976
"4983",976
"4984",976
"4985",976
"4986",976
"4987",977
"4988",977
"4989",977
"4990",978
"4991",978
"4992",978
"4993",978
"4994",978
"4995",978
"4996",0
"4997",979
"4998",979
"4999",979
"5000",0
"5001",0
"5002",0
"5003",980
"5004",980
"5005",981
"5006",981
"5007",981
"5008",0
"5009",0
"5010",982
"5011",982
"5012",0
"5013",0
"5014",983
"5015",983
"5016",0
"5017",0
"5018",984
"5019",984
"5020",984
"5021",0
"5022",0
"5023",0
"5024",985
"5025",985
"5026",985
"5027",986
"5028",986
"5029",987
"5030",987
"5031",987
"5032",0
"5033",0
"5034",988
"5035",988
"5036",988
"5037",0
"5038",989
"5039",989
"5040",989
"5041",0
"5042",0
"5043",0
"5044",0
"5045",0
"5046",0
"5047",0
"5048",0
"5049",0
"5050",0
"5051",0
"5052",0
"5053",0
"5054",0
"5055",0
"5056",0
"5057",0
"5058",0
"5059",0
"5060",0
"5061",0
"5062",0
"5063",0
"5064",0
"5065",0
"5066",0
"5067",0
"5068",0
"5069",0
"5070",0
"5071",0
"5072",0
"5073",990
"5074",990
"5075",990
"5076",990
"5077",990
"5078",0
"5079",0
"5080",0
"5081",0
"5082",0
"5083",0
"5084",0
"5085",0
"5086",0
"5087",0
"5088",0
"5089",0
"5090",0
"5091",0
"5092",0
"5093",0
"5094",0
"5095",0
"5096",0
"5097",0
"5098",0
"5099",0
"5100",0
"5101",0
"5102",0
"5103",0
"5104",0
"5105",0
"5106",0
"5107",0
"5108",0
"5109",0
"5110",0
"5111",0
"5112",0
"5113",0
"5114",0
"5115",0
"5116",991
"5117",991
"5118",991
"5119",991
"5120",991
"5121",991
"5122",991
"5123",991
"5124",991
"5125",991
"5126",0
"5127",0
"5128",0
"5129",0
"5130",0
"5131",992
"5132",992
"5133",992
"5134",993
"5135",993
"5136",993
"5137",993
"5138",0
"5139",0
"5140",994
"5141",994
"5142",994
"5143",994
"5144",994
"5145",994
"5146",994
"5147",994
"5148",994
"5149",995
"5150",995
"5151",995
"5152",995
"5153",995
"5154",995
"5155",995
"5156",995
"5157",995
"5158",0
"5159",996
"5160",996
"5161",996
"5162",996
"5163",996
"5164",996
"5165",0
"5166",997
"5167",997
"5168",997
"5169",997
"5170",997
"5171",0
"5172",998
"5173",998
"5174",998
"5175",998
"5176",998
"5177",998
"5178",998
"5179",998
"5180",998
"5181",998
"5182",998
"5183",0
"5184",0
"5185",999
"5186",999
"5187",999
"5188",999
"5189",999
"5190",999
"5191",999
"5192",999
"5193",0
"5194",1000
"5195",1000
"5196",1000
"5197",1000
"5198",1000
"5199",1000
"5200",1001
"5201",1001
"5202",1001
"5203",1001
"5204",1001
"5205",1001
"5206",1001
"5207",1001
"5208",1002
"5209",1002
"5210",0
"5211",0
"5212",1003
"5213",1003
"5214",1003
"5215",1003
"5216",1003
"5217",1003
"5218",1003
"5219",1003
"5220",1003
"5221",1003
"5222",0
"5223",1004
"5224",1004
"5225",1005
"5226",1005
"5227",1005
"5228",1005
"5229",1005
"5230",0
"5231",1006
"5232",1006
"5233",1006
"5234",1006
"5235",1006
"5236",1006
"5237",1006
"5238",1006
"5239",1006
"5240",0
"5241",0
"5242",0
"5243",0
"5244",0
"5245",0
"5246",0
"5247",0
"5248",0
"5249",0
"5250",0
"5251",0
"5252",0
"5253",0
"5254",0
"5255",0
"5256",0
"5257",0
"5258",0
"5259",0
"5260",1007
"5261",1007
"5262",1007
"5263",1007
"5264",1007
"5265",1007
"5266",1008
"5267",1008
"5268",1008
"5269",0
"5270",0
"5271",0
"5272",1009
"5273",1009
"5274",1009
"5275",1009
"5276",1009
"5277",1009
"5278",1009
"5279",1009
"5280",1009
"5281",1009
"5282",0
"5283",0
"5284",0
"5285",0
"5286",1010
"5287",1010
"5288",1010
"5289",1010
"5290",1010
"5291",1010
"5292",1010
"5293",1010
"5294",0
"5295",1011
"5296",1011
"5297",1011
"5298",1011
"5299",1011
"5300",1011
"5301",1011
"5302",0
"5303",1012
"5304",1012
"5305",1012
"5306",1012
"5307",1012
"5308",1012
"5309",1012
"5310",1012
"5311",0
"5312",0
"5313",0
"5314",1013
"5315",1013
"5316",1013
"5317",1013
"5318",1013
"5319",1013
"5320",1013
"5321",1013
"5322",1013
"5323",1013
"5324",1013
"5325",1013
"5326",0
"5327",1014
"5328",1014
"5329",1014
"5330",1014
"5331",1014
"5332",1014
"5333",1014
"5334",1014
"5335",1015
"5336",1015
"5337",1015
"5338",1015
"5339",1015
"5340",1015
"5341",1015
"5342",0
"5343",1016
"5344",1016
"5345",1016
"5346",1016
"5347",1016
"5348",1016
"5349",0
"5350",0
"5351",0
"5352",1017
"5353",1017
"5354",1017
"5355",1017
"5356",1017
"5357",1017
"5358",1017
"5359",1017
"5360",0
"5361",0
"5362",0
"5363",1018
"5364",1018
"5365",1018
"5366",1018
"5367",1018
"5368",1018
"5369",1018
"5370",1018
"5371",1018
"5372",1018
"5373",1018
"5374",1018
"5375",1018
"5376",0
"5377",1019
"5378",1019
"5379",1019
"5380",1019
"5381",1019
"5382",1019
"5383",1019
"5384",1019
"5385",1019
"5386",1019
"5387",1019
"5388",1019
"5389",0
"5390",0
"5391",1020
"5392",1020
"5393",1020
"5394",1020
"5395",1020
"5396",1020
"5397",1020
"5398",1020
"5399",0
"5400",0
"5401",0
"5402",0
"5403",0
"5404",1021
"5405",1021
"5406",1021
"5407",1021
"5408",1021
"5409",1021
"5410",1021
"5411",1021
"5412",1021
"5413",1021
"5414",0
"5415",0
"5416",0
"5417",1022
"5418",1022
"5419",1022
"5420",1022
"5421",1022
"5422",1022
"5423",1022
"5424",1022
"5425",1022
"5426",1022
"5427",0
"5428",0
"5429",1023
"5430",1023
"5431",1023
"5432",1023
"5433",1023
"5434",1023
"5435",1023
"5436",1023
"5437",1023
"5438",0
"5439",0
"5440",0
"5441",0
"5442",0
"5443",0
"5444",0
"5445",0
"5446",0
"5447",0
"5448",0
"5449",0
"5450",0
"5451",0
"5452",0
"5453",0
"5454",0
"5455",0
"5456",0
"5457",0
"5458",0
"5459",0
"5460",0
"5461",0
"5462",0
"5463",0
"5464",0
"5465",0
"5466",0
"5467",0
"5468",0
"5469",0
"5470",0
"5471",0
"5472",0
"5473",0
"5474",0
"5475",0
"5476",0
"5477",0
"5478",0
"5479",0
"5480",0
"5481",0
"5482",0
"5483",0
"5484",0
"5485",0
"5486",0
"5487",1024
"5488",1025
"5489",1025
"5490",1025
"5491",0
"5492",0
"5493",0
"5494",0
"5495",0
"5496",0
"5497",0
"5498",0
"5499",0
"5500",0
"5501",0
"5502",1026
"5503",1026
"5504",1026
"5505",1026
"5506",1026
"5507",0
"5508",1027
"5509",1027
"5510",0
"5511",0
"5512",0
"5513",0
"5514",0
"5515",0
"5516",0
"5517",0
"5518",0
"5519",0
"5520",0
"5521",0
"5522",0
"5523",0
"5524",0
"5525",0
"5526",0
"5527",0
"5528",0
"5529",0
"5530",0
"5531",0
"5532",0
"5533",0
"5534",0
"5535",0
"5536",0
"5537",0
"5538",0
"5539",0
"5540",0
"5541",0
"5542",0
"5543",0
"5544",0
"5545",0
"5546",0
"5547",0
"5548",0
"5549",0
"5550",0
"5551",0
"5552",0
"5553",0
"5554",0
"5555",0
"5556",0
"5557",0
"5558",0
"5559",0
"5560",0
"5561",0
"5562",0
"5563",0
"5564",0
"5565",0
"5566",0
"5567",0
"5568",0
"5569",0
"5570",0
"5571",0
"5572",0
"5573",0
"5574",0
"5575",0
"5576",0
"5577",0
"5578",0
"5579",0
"5580",0
"5581",0
"5582",0
"5583",0
"5584",0
"5585",0
"5586",0
"5587",0
"5588",0
"5589",0
"5590",0
"5591",0
"5592",0
"5593",0
"5594",0
"5595",0
"5596",0
"5597",0
"5598",0
"5599",0
"5600",0
"5601",0
"5602",0
"5603",0
"5604",0
"5605",0
"5606",0
"5607",0
"5608",0
"5609",0
"5610",0
"5611",0
"5612",0
"5613",0
"5614",0
"5615",0
"5616",0
"5617",0
"5618",0
"5619",0
"5620",0
"5621",0
"5622",1028
"5623",1028
"5624",0
"5625",0
"5626",0
"5627",0
"5628",1029
"5629",1029
"5630",0
"5631",0
"5632",0
"5633",0
"5634",0
"5635",0
"5636",0
"5637",0
"5638",0
"5639",0
"5640",0
"5641",0
"5642",0
"5643",1030
"5644",1030
"5645",1030
"5646",1031
"5647",1031
"5648",1031
"5649",0
"5650",0
"5651",0
"5652",0
"5653",0
"5654",0
"5655",0
"5656",0
"5657",0
"5658",0
"5659",0
"5660",0
"5661",0
"5662",0
"5663",0
"5664",0
"5665",0
"5666",0
"5667",0
"5668",0
"5669",0
"5670",0
"5671",0
"5672",0
"5673",0
"5674",0
"5675",0
"5676",0
"5677",1032
"5678",1032
"5679",1032
"5680",1033
"5681",1033
"5682",1033
"5683",1033
"5684",0
"5685",0
"5686",1034
"5687",1034
"5688",0
"5689",1035
"5690",1035
"5691",1035
"5692",1036
"5693",1036
"5694",0
"5695",0
"5696",1037
"5697",1037
"5698",0
"5699",1038
"5700",1038
"5701",1039
"5702",1039
"5703",0
"5704",0
"5705",1040
"5706",1040
"5707",0
"5708",1041
"5709",1041
"5710",1041
"5711",1041
"5712",1041
"5713",0
"5714",1042
"5715",1042
"5716",0
"5717",0
"5718",0
"5719",0
"5720",0
"5721",0
"5722",0
"5723",1043
"5724",1043
"5725",1044
"5726",1044
"5727",0
"5728",0
"5729",1045
"5730",1045
"5731",1046
"5732",1046
"5733",1046
"5734",0
"5735",0
"5736",1047
"5737",1047
"5738",1047
"5739",0
"5740",1048
"5741",1048
"5742",1048
"5743",1048
"5744",1049
"5745",1049
"5746",0
"5747",0
"5748",0
"5749",0
"5750",1050
"5751",1050
"5752",1050
"5753",1050
"5754",1050
"5755",1051
"5756",1051
"5757",1051
"5758",0
"5759",0
"5760",1052
"5761",1052
"5762",1052
"5763",1053
"5764",1053
"5765",1054
"5766",1054
"5767",1054
"5768",1055
"5769",1055
"5770",0
"5771",0
"5772",0
"5773",0
"5774",0
"5775",0
"5776",0
"5777",1056
"5778",1056
"5779",1056
"5780",1057
"5781",1057
"5782",1057
"5783",1058
"5784",1058
"5785",1058
"5786",1058
"5787",1058
"5788",0
"5789",1059
"5790",1059
"5791",1059
"5792",1060
"5793",1060
"5794",1060
"5795",1061
"5796",1061
"5797",1061
"5798",1062
"5799",1062
"5800",1062
"5801",1063
"5802",1063
"5803",1063
"5804",1064
"5805",1064
"5806",1065
"5807",1065
"5808",1065
"5809",1065
"5810",1065
"5811",1065
"5812",0
"5813",0
"5814",0
"5815",0
"5816",0
"5817",0
"5818",0
"5819",0
"5820",0
"5821",0
"5822",0
"5823",0
"5824",0
"5825",0
"5826",0
"5827",0
"5828",0
"5829",0
"5830",0
"5831",0
"5832",0
"5833",0
"5834",0
"5835",0
"5836",0
"5837",0
"5838",0
"5839",0
"5840",0
"5841",0
"5842",0
"5843",0
"5844",0
"5845",0
"5846",0
"5847",0
"5848",0
"5849",0
"5850",0
"5851",0
"5852",0
"5853",0
"5854",0
"5855",0
"5856",0
"5857",0
"5858",0
"5859",0
"5860",0
"5861",0
"5862",1066
"5863",1066
"5864",1066
"5865",1066
"5866",0
"5867",0
"5868",0
"5869",0
"5870",0
"5871",0
"5872",0
"5873",0
"5874",0
"5875",0
"5876",0
"5877",0
"5878",0
"5879",1067
"5880",1067
"5881",0
"5882",0
"5883",1068
"5884",1068
"5885",1068
"5886",0
"5887",0
"5888",0
"5889",0
"5890",0
"5891",0
"5892",0
"5893",0
"5894",0
"5895",1069
"5896",1069
"5897",0
"5898",1070
"5899",1070
"5900",1070
"5901",1070
"5902",1070
"5903",1070
"5904",1070
"5905",0
"5906",1071
"5907",1071
"5908",1071
"5909",0
"5910",0
"5911",0
"5912",0
"5913",0
"5914",0
"5915",0
"5916",0
"5917",0
"5918",0
"5919",0
"5920",0
"5921",0
"5922",0
"5923",0
"5924",1072
"5925",1072
"5926",0
"5927",0
"5928",0
"5929",0
"5930",0
"5931",0
"5932",0
"5933",0
"5934",0
"5935",0
"5936",0
"5937",0
"5938",0
"5939",1073
"5940",1073
"5941",1073
"5942",1073
"5943",1073
"5944",1073
"5945",1074
"5946",1074
"5947",0
"5948",1075
"5949",1075
"5950",1075
"5951",1075
"5952",1076
"5953",1076
"5954",1076
"5955",1077
"5956",1077
"5957",1077
"5958",0
"5959",0
"5960",1078
"5961",1078
"5962",1078
"5963",1079
"5964",1079
"5965",1079
"5966",1080
"5967",1080
"5968",1080
"5969",1080
"5970",1080
"5971",1080
"5972",1081
"5973",1081
"5974",1081
"5975",1081
"5976",1081
"5977",1082
"5978",1082
"5979",0
"5980",0
"5981",0
"5982",0
"5983",0
"5984",0
"5985",0
"5986",0
"5987",0
"5988",0
"5989",0
"5990",0
"5991",0
"5992",0
"5993",0
"5994",0
"5995",0
"5996",0
"5997",1083
"5998",1083
"5999",1083
"6000",1083
"6001",1083
"6002",1083
"6003",1083
"6004",1083
"6005",0
"6006",0
"6007",0
"6008",1084
"6009",1084
"6010",1084
"6011",1084
"6012",1084
"6013",1084
"6014",1084
"6015",1084
"6016",1084
"6017",1084
"6018",1084
"6019",1084
"6020",0
"6021",0
"6022",0
"6023",0
"6024",0
"6025",0
"6026",0
"6027",0
"6028",0
"6029",0
"6030",0
"6031",0
"6032",0
"6033",0
"6034",0
"6035",0
"6036",0
"6037",1085
"6038",1085
"6039",1085
"6040",1086
"6041",1086
"6042",1086
"6043",1086
"6044",0
"6045",0
"6046",0
"6047",1087
"6048",1087
"6049",0
"6050",0
"6051",0
"6052",0
"6053",0
"6054",0
"6055",0
"6056",0
"6057",0
"6058",0
"6059",0
"6060",0
"6061",0
"6062",0
"6063",0
"6064",0
"6065",0
"6066",0
"6067",0
"6068",0
"6069",0
"6070",0
"6071",0
"6072",0
"6073",0
"6074",0
"6075",0
"6076",0
"6077",0
"6078",0
"6079",0
"6080",0
"6081",0
"6082",0
"6083",0
"6084",0
"6085",0
"6086",0
"6087",0
"6088",0
"6089",0
"6090",0
"6091",0
"6092",0
"6093",0
"6094",0
"6095",0
"6096",0
"6097",0
"6098",0
"6099",0
"6100",0
"6101",0
"6102",0
"6103",0
"6104",0
"6105",0
"6106",0
"6107",0
"6108",0
"6109",0
"6110",0
"6111",0
"6112",0
"6113",0
"6114",0
"6115",0
"6116",0
"6117",0
"6118",0
"6119",0
"6120",0
"6121",0
"6122",0
"6123",0
"6124",0
"6125",0
"6126",0
"6127",0
"6128",0
"6129",0
"6130",0
"6131",0
"6132",0
"6133",0
"6134",0
"6135",1088
"6136",1088
"6137",1088
"6138",1088
"6139",0
"6140",0
"6141",0
"6142",0
"6143",0
"6144",0
"6145",0
"6146",0
"6147",0
"6148",0
"6149",0
"6150",0
"6151",0
"6152",0
"6153",0
"6154",0
"6155",0
"6156",0
"6157",0
"6158",0
"6159",0
"6160",0
"6161",0
"6162",0
"6163",0
"6164",0
"6165",0
"6166",0
"6167",0
"6168",0
"6169",0
"6170",0
"6171",0
"6172",0
"6173",0
"6174",0
"6175",0
"6176",0
"6177",0
"6178",0
"6179",0
"6180",0
"6181",0
"6182",0
"6183",0
"6184",0
"6185",0
"6186",0
"6187",0
"6188",0
"6189",0
"6190",0
"6191",0
"6192",0
"6193",0
"6194",0
"6195",0
"6196",0
"6197",0
"6198",0
"6199",0
"6200",0
"6201",0
"6202",0
"6203",0
"6204",0
"6205",0
"6206",0
"6207",0
"6208",0
"6209",0
"6210",0
"6211",0
"6212",0
"6213",0
"6214",0
"6215",0
"6216",0
"6217",0
"6218",0
"6219",0
"6220",0
"6221",0
"6222",0
"6223",0
"6224",0
"6225",0
"6226",0
"6227",0
"6228",0
"6229",0
"6230",0
"6231",0
"6232",0
"6233",0
"6234",0
"6235",0
"6236",0
"6237",0
"6238",0
"6239",0
"6240",0
"6241",0
"6242",0
"6243",0
"6244",0
"6245",0
"6246",0
"6247",0
"6248",0
"6249",0
"6250",0
"6251",0
"6252",0
"6253",0
"6254",1089
"6255",1089
"6256",1089
"6257",1089
"6258",1090
"6259",1090
"6260",1090
"6261",1091
"6262",1091
"6263",0
"6264",0
"6265",0
"6266",0
"6267",1092
"6268",1092
"6269",1092
"6270",0
"6271",1093
"6272",1093
"6273",0
"6274",0
"6275",1094
"6276",1094
"6277",0
"6278",0
"6279",0
"6280",0
"6281",0
"6282",0
"6283",0
"6284",0
"6285",0
"6286",0
"6287",0
"6288",0
"6289",0
"6290",0
"6291",0
"6292",0
"6293",0
"6294",0
"6295",0
"6296",0
"6297",0
"6298",0
"6299",0
"6300",0
"6301",0
"6302",0
"6303",0
"6304",0
"6305",0
"6306",0
"6307",0
"6308",0
"6309",0
"6310",1095
"6311",1095
"6312",1095
"6313",0
"6314",0
"6315",0
"6316",0
"6317",0
"6318",0
"6319",0
"6320",0
"6321",0
"6322",0
"6323",0
"6324",0
"6325",0
"6326",1096
"6327",1096
"6328",1096
"6329",0
"6330",0
"6331",0
"6332",0
"6333",1097
"6334",1097
"6335",1097
"6336",1097
"6337",1097
"6338",0
"6339",0
"6340",0
"6341",0
"6342",0
"6343",0
"6344",0
"6345",0
"6346",0
"6347",0
"6348",0
"6349",0
"6350",0
"6351",0
"6352",0
"6353",0
"6354",0
"6355",0
"6356",0
"6357",0
"6358",0
"6359",0
"6360",0
"6361",0
"6362",0
"6363",0
"6364",0
"6365",1098
"6366",1098
"6367",0
"6368",0
"6369",1099
"6370",1099
"6371",0
"6372",0
"6373",0
"6374",0
"6375",0
"6376",0
"6377",0
"6378",0
"6379",0
"6380",0
"6381",0
"6382",0
"6383",0
"6384",0
"6385",0
"6386",0
"6387",0
"6388",0
"6389",0
"6390",1100
"6391",1100
"6392",1100
"6393",0
"6394",0
"6395",1101
"6396",1101
"6397",1101
"6398",1101
"6399",1102
"6400",1102
"6401",1102
"6402",1102
"6403",0
"6404",0
"6405",0
"6406",0
"6407",0
"6408",0
"6409",0
"6410",0
"6411",0
"6412",0
"6413",0
"6414",0
"6415",0
"6416",0
"6417",0
"6418",0
"6419",0
"6420",0
"6421",0
"6422",0
"6423",0
"6424",0
"6425",0
"6426",0
"6427",0
"6428",0
"6429",0
"6430",0
"6431",0
"6432",0
"6433",0
"6434",0
"6435",0
"6436",0
"6437",1103
"6438",1103
"6439",1103
"6440",1103
"6441",1103
"6442",1104
"6443",1104
"6444",1104
"6445",1105
"6446",1105
"6447",1105
"6448",1106
"6449",1106
"6450",1106
"6451",1106
"6452",0
"6453",0
"6454",0
"6455",0
"6456",0
"6457",0
"6458",1107
"6459",1107
"6460",1107
"6461",1107
"6462",1107
"6463",0
"6464",0
"6465",0
"6466",0
"6467",0
"6468",0
"6469",0
"6470",0
"6471",0
"6472",0
"6473",0
"6474",0
"6475",0
"6476",0
"6477",0
"6478",1108
"6479",1108
"6480",1108
"6481",0
"6482",0
"6483",0
"6484",0
"6485",0
"6486",0
"6487",0
"6488",0
"6489",0
"6490",0
"6491",0
"6492",0
"6493",0
"6494",0
"6495",0
"6496",0
"6497",0
"6498",0
"6499",0
"6500",0
"6501",0
"6502",0
"6503",0
"6504",0
"6505",0
"6506",0
"6507",0
"6508",0
"6509",0
"6510",0
"6511",0
"6512",0
"6513",0
"6514",0
"6515",0
"6516",0
"6517",0
"6518",0
"6519",0
"6520",0
"6521",0
"6522",0
"6523",0
"6524",1109
"6525",1109
"6526",1109
"6527",1109
"6528",1109
"6529",1109
"6530",1109
"6531",1109
"6532",1110
"6533",1110
"6534",1110
"6535",1110
"6536",1110
"6537",1111
"6538",1111
"6539",0
"6540",0
"6541",0
"6542",0
"6543",0
"6544",0
"6545",0
"6546",0
"6547",0
"6548",0
"6549",0
"6550",0
"6551",0
"6552",0
"6553",0
"6554",0
"6555",0
"6556",0
"6557",0
"6558",0
"6559",0
"6560",0
"6561",0
"6562",0
"6563",0
"6564",0
"6565",0
"6566",0
"6567",0
"6568",0
"6569",0
"6570",0
"6571",0
"6572",0
"6573",0
"6574",0
"6575",0
"6576",0
"6577",1112
"6578",1112
"6579",1112
"6580",1112
"6581",1112
"6582",1112
"6583",1112
"6584",1113
"6585",1113
"6586",1113
"6587",1114
"6588",1114
"6589",1114
"6590",1114
"6591",1114
"6592",1115
"6593",1115
"6594",1115
"6595",1116
"6596",1116
"6597",1116
"6598",0
"6599",0
"6600",1117
"6601",1117
"6602",1117
"6603",1117
"6604",1117
"6605",1117
"6606",1118
"6607",1118
"6608",1118
"6609",1118
"6610",1118
"6611",1119
"6612",1119
"6613",1119
"6614",1120
"6615",1120
"6616",1120
"6617",1120
"6618",1121
"6619",1121
"6620",1121
"6621",1121
"6622",0
"6623",1122
"6624",1122
"6625",1123
"6626",1123
"6627",1124
"6628",1124
"6629",1125
"6630",1125
"6631",1125
"6632",0
"6633",1126
"6634",1126
"6635",1126
"6636",1126
"6637",1127
"6638",1127
"6639",1127
"6640",1128
"6641",1128
"6642",0
"6643",0
"6644",0
"6645",1129
"6646",1129
"6647",1130
"6648",1130
"6649",1130
"6650",1130
"6651",1130
"6652",1130
"6653",1131
"6654",1131
"6655",1132
"6656",1132
"6657",1133
"6658",1133
"6659",0
"6660",0
"6661",0
"6662",0
"6663",0
"6664",0
"6665",0
"6666",0
"6667",1134
"6668",1134
"6669",1135
"6670",1135
"6671",1135
"6672",1136
"6673",1136
"6674",1136
"6675",1137
"6676",1137
"6677",1137
"6678",1138
"6679",1138
"6680",1138
"6681",1138
"6682",1139
"6683",1139
"6684",1139
"6685",0
"6686",1140
"6687",1140
"6688",0
"6689",0
"6690",0
"6691",0
"6692",0
"6693",0
"6694",1141
"6695",1141
"6696",1141
"6697",1141
"6698",1142
"6699",1142
"6700",1142
"6701",1143
"6702",1143
"6703",1143
"6704",1143
"6705",1143
"6706",1143
"6707",1143
"6708",1144
"6709",1144
"6710",1144
"6711",1145
"6712",1145
"6713",1145
"6714",1146
"6715",1146
"6716",0
"6717",0
"6718",0
"6719",0
"6720",0
"6721",0
"6722",0
"6723",0
"6724",0
"6725",0
"6726",0
"6727",0
"6728",0
"6729",0
"6730",0
"6731",0
"6732",0
"6733",0
"6734",0
"6735",0
"6736",0
"6737",0
"6738",0
"6739",0
"6740",0
"6741",0
"6742",0
"6743",0
"6744",1147
"6745",1147
"6746",1147
"6747",1147
"6748",1147
"6749",1147
"6750",0
"6751",0
"6752",0
"6753",0
"6754",0
"6755",0
"6756",0
"6757",0
"6758",0
"6759",0
"6760",0
"6761",0
"6762",0
"6763",1148
"6764",1148
"6765",1149
"6766",1149
"6767",1150
"6768",1150
"6769",0
"6770",0
"6771",0
"6772",0
"6773",0
"6774",0
"6775",0
"6776",0
"6777",0
"6778",1151
"6779",1151
"6780",0
"6781",0
"6782",0
"6783",0
"6784",0
"6785",0
"6786",0
"6787",0
"6788",0
"6789",0
"6790",0
"6791",0
"6792",0
"6793",0
"6794",0
"6795",0
"6796",0
"6797",0
"6798",0
"6799",0
"6800",0
"6801",0
"6802",0
"6803",0
"6804",0
"6805",0
"6806",0
"6807",0
"6808",0
"6809",0
"6810",0
"6811",0
"6812",0
"6813",0
"6814",0
"6815",0
"6816",0
"6817",0
"6818",0
"6819",0
"6820",0
"6821",0
"6822",0
"6823",0
"6824",0
"6825",0
"6826",0
"6827",0
"6828",0
"6829",0
"6830",0
"6831",0
"6832",0
"6833",0
"6834",0
"6835",0
"6836",0
"6837",0
"6838",0
"6839",0
"6840",0
"6841",0
"6842",0
"6843",0
"6844",0
"6845",0
"6846",0
"6847",0
"6848",0
"6849",0
"6850",0
"6851",0
"6852",0
"6853",0
"6854",0
"6855",0
"6856",0
"6857",0
"6858",0
"6859",0
"6860",0
"6861",0
"6862",0
"6863",0
"6864",0
"6865",0
"6866",0
"6867",0
"6868",0
"6869",0
"6870",0
"6871",0
"6872",0
"6873",0
"6874",0
"6875",0
"6876",0
"6877",0
"6878",0
"6879",0
"6880",0
"6881",0
"6882",0
"6883",0
"6884",0
"6885",0
"6886",0
"6887",0
"6888",0
"6889",0
"6890",0
"6891",0
"6892",0
"6893",0
"6894",0
"6895",0
"6896",0
"6897",0
"6898",0
"6899",0
"6900",0
"6901",0
"6902",0
"6903",0
"6904",0
"6905",0
"6906",0
"6907",0
"6908",0
"6909",0
"6910",0
"6911",0
"6912",0
"6913",0
"6914",0
"6915",0
"6916",0
"6917",0
"6918",0
"6919",0
"6920",0
"6921",0
"6922",0
"6923",0
"6924",0
"6925",0
"6926",0
"6927",0
"6928",0
"6929",0
"6930",0
"6931",0
"6932",0
"6933",0
"6934",0
"6935",0
"6936",0
"6937",0
"6938",0
"6939",0
"6940",0
"6941",0
"6942",0
"6943",0
"6944",0
"6945",0
"6946",0
"6947",0
"6948",0
"6949",0
"6950",0
"6951",0
"6952",0
"6953",0
"6954",0
"6955",0
"6956",0
"6957",0
"6958",0
"6959",0
"6960",1152
"6961",1152
"6962",1152
"6963",1152
"6964",0
"6965",1153
"6966",1153
"6967",0
"6968",0
"6969",0
"6970",1154
"6971",1154
"6972",1154
"6973",0
"6974",1155
"6975",1155
"6976",1155
"6977",1155
"6978",1155
"6979",1155
"6980",1156
"6981",1156
"6982",1157
"6983",1157
"6984",0
"6985",0
"6986",0
"6987",1158
"6988",1158
"6989",1158
"6990",0
"6991",1159
"6992",1159
"6993",0
"6994",0
"6995",1160
"6996",1160
"6997",0
"6998",0
"6999",1161
"7000",1161
"7001",1161
"7002",1162
"7003",1162
"7004",0
"7005",1163
"7006",1163
"7007",1163
"7008",0
"7009",0
"7010",1164
"7011",1164
"7012",1164
"7013",1164
"7014",1165
"7015",1165
"7016",1166
"7017",1166
"7018",1167
"7019",1167
"7020",1167
"7021",1167
"7022",0
"7023",0
"7024",1168
"7025",1168
"7026",0
"7027",0
"7028",1169
"7029",1169
"7030",1169
"7031",1169
"7032",1169
"7033",1170
"7034",1170
"7035",1170
"7036",1171
"7037",1171
"7038",0
"7039",0
"7040",0
"7041",1172
"7042",1172
"7043",1173
"7044",1173
"7045",1173
"7046",1174
"7047",1174
"7048",1174
"7049",1174
"7050",1175
"7051",1175
"7052",1175
"7053",1175
"7054",1175
"7055",0
"7056",1176
"7057",1176
"7058",1176
"7059",1177
"7060",1177
"7061",1177
"7062",1178
"7063",1178
"7064",1178
"7065",1178
"7066",1179
"7067",1179
"7068",1179
"7069",1180
"7070",1180
"7071",1180
"7072",1180
"7073",1180
"7074",0
"7075",0
"7076",1181
"7077",1181
"7078",0
"7079",0
"7080",0
"7081",1182
"7082",1182
"7083",1182
"7084",0
"7085",0
"7086",1183
"7087",1183
"7088",1183
"7089",0
"7090",0
"7091",0
"7092",1184
"7093",1184
"7094",1185
"7095",1185
"7096",1185
"7097",1186
"7098",1186
"7099",1186
"7100",1186
"7101",1186
"7102",1186
"7103",1186
"7104",0
"7105",0
"7106",1187
"7107",1187
"7108",1187
"7109",1188
"7110",1188
"7111",1188
"7112",0
"7113",1189
"7114",1189
"7115",1189
"7116",1190
"7117",1190
"7118",1191
"7119",1191
"7120",1191
"7121",0
"7122",0
"7123",1192
"7124",1192
"7125",1192
"7126",1193
"7127",1193
"7128",1193
"7129",1193
"7130",0
"7131",0
"7132",1194
"7133",1194
"7134",1194
"7135",1195
"7136",1195
"7137",1195
"7138",1195
"7139",1196
"7140",1196
"7141",1196
"7142",0
"7143",1197
"7144",1197
"7145",1197
"7146",1198
"7147",1198
"7148",1198
"7149",1198
"7150",1198
"7151",1199
"7152",1199
"7153",1200
"7154",1200
"7155",1200
"7156",0
"7157",1201
"7158",1201
"7159",1201
"7160",1201
"7161",1201
"7162",0
"7163",0
"7164",0
"7165",1202
"7166",1202
"7167",1203
"7168",1203
"7169",1203
"7170",1204
"7171",1204
"7172",0
"7173",1205
"7174",1205
"7175",0
"7176",0
"7177",1206
"7178",1206
"7179",1207
"7180",1207
"7181",1207
"7182",0
"7183",0
"7184",0
"7185",1208
"7186",1208
"7187",1208
"7188",0
"7189",0
"7190",1209
"7191",1209
"7192",1209
"7193",1209
"7194",1210
"7195",1210
"7196",1210
"7197",0
"7198",0
"7199",0
"7200",1211
"7201",1211
"7202",1211
"7203",1212
"7204",1212
"7205",1212
"7206",1213
"7207",1213
"7208",1214
"7209",1214
"7210",1214
"7211",1214
"7212",1214
"7213",1214
"7214",1214
"7215",1215
"7216",1215
"7217",1216
"7218",1216
"7219",0
"7220",0
"7221",0
"7222",0
"7223",0
"7224",0
"7225",0
"7226",0
"7227",0
"7228",1217
"7229",1217
"7230",1218
"7231",1218
"7232",1218
"7233",1219
"7234",1219
"7235",1219
"7236",1220
"7237",1220
"7238",1220
"7239",1221
"7240",1221
"7241",1221
"7242",0
"7243",0
"7244",0
"7245",0
"7246",1222
"7247",1222
"7248",1222
"7249",1223
"7250",1223
"7251",0
"7252",0
"7253",1224
"7254",1224
"7255",1225
"7256",1225
"7257",1225
"7258",0
"7259",0
"7260",1226
"7261",1226
"7262",1227
"7263",1227
"7264",0
"7265",1228
"7266",1228
"7267",1228
"7268",0
"7269",0
"7270",0
"7271",0
"7272",0
"7273",0
"7274",0
"7275",0
"7276",0
"7277",0
"7278",0
"7279",0
"7280",0
"7281",0
"7282",0
"7283",0
"7284",0
"7285",0
"7286",0
"7287",1229
"7288",1229
"7289",1229
"7290",1229
"7291",1229
"7292",1229
"7293",1229
"7294",1229
"7295",1229
"7296",1230
"7297",1230
"7298",1230
"7299",1230
"7300",1231
"7301",1231
"7302",1231
"7303",1232
"7304",1232
"7305",1232
"7306",1233
"7307",1233
"7308",1233
"7309",1233
"7310",1233
"7311",1234
"7312",1234
"7313",1234
"7314",1234
"7315",0
"7316",1235
"7317",1235
"7318",1235
"7319",0
"7320",0
"7321",0
"7322",0
"7323",0
"7324",0
"7325",0
"7326",0
"7327",0
"7328",0
"7329",0
"7330",0
"7331",0
"7332",0
